"Numbers"|"ID"|"Handle"|"Image Src"|"status"|"text"
"1"|"8910405075246"|"louis-vuitton-lv-fw21-tee-1a971l"|"https://cdn.shopify.com/s/files/1/0729/7934/9806/files/main-square_540x_13406138-dec9-43d7-803a-d105d10344c8.jpg?v=1724255203"|"200"|""
"2"|"8910405075246"|"louis-vuitton-lv-fw21-tee-1a971l"|"https://cdn.shopify.com/s/files/1/0729/7934/9806/files/1_540x_81de5ac5-b40e-46fb-aa1a-6ba1c4e89186.jpg?v=1724255203"|"200"|""
"3"|"8910405075246"|"louis-vuitton-lv-fw21-tee-1a971l"|"https://cdn.shopify.com/s/files/1/0729/7934/9806/files/2_540x_94fc2ac4-1d91-4d1e-a803-6c5a960af46e.jpg?v=1724255203"|"200"|""
"4"|"8910405075246"|"louis-vuitton-lv-fw21-tee-1a971l"|"https://cdn.shopify.com/s/files/1/0729/7934/9806/files/3_540x_80dc6755-7c29-4edc-8c46-b80beb151af0.jpg?v=1724255203"|"200"|""
"5"|"8910402486574"|"louis-vuitton-lv-ss21-1a7xpp"|"https://cdn.shopify.com/s/files/1/0729/7934/9806/files/main-square_540x_bf60e3b8-7583-43a2-b41c-978e3de3f037.jpg?v=1724052374"|"200"|""
"6"|"8910402486574"|"louis-vuitton-lv-ss21-1a7xpp"|"https://cdn.shopify.com/s/files/1/0729/7934/9806/files/1_540x_438792cd-cb17-426a-a3d3-a233a4600e73.jpg?v=1724052374"|""|""
"2"|"8910405075246"|"louis-vuitton-lv-fw21-tee-1a971l"|"https://cdn.shopify.com/s/files/1/0729/7934/9806/files/1_540x_81de5ac5-b40e-46fb-aa1a-6ba1c4e89186.jpg?v=1724255203"|"200"|""
"3"|"8910405075246"|"louis-vuitton-lv-fw21-tee-1a971l"|"https://cdn.shopify.com/s/files/1/0729/7934/9806/files/2_540x_94fc2ac4-1d91-4d1e-a803-6c5a960af46e.jpg?v=1724255203"|"200"|""
"4"|"8910405075246"|"louis-vuitton-lv-fw21-tee-1a971l"|"https://cdn.shopify.com/s/files/1/0729/7934/9806/files/3_540x_80dc6755-7c29-4edc-8c46-b80beb151af0.jpg?v=1724255203"|"200"|""
"5"|"8910402486574"|"louis-vuitton-lv-ss21-1a7xpp"|"https://cdn.shopify.com/s/files/1/0729/7934/9806/files/main-square_540x_bf60e3b8-7583-43a2-b41c-978e3de3f037.jpg?v=1724052374"|"200"|""
"6"|"8910402486574"|"louis-vuitton-lv-ss21-1a7xpp"|"https://cdn.shopify.com/s/files/1/0729/7934/9806/files/1_540x_438792cd-cb17-426a-a3d3-a233a4600e73.jpg?v=1724052374"|"200"|""
"7"|"8910402486574"|"louis-vuitton-lv-ss21-1a7xpp"|"https://cdn.shopify.com/s/files/1/0729/7934/9806/files/2_540x_8dd3363a-b196-461d-8b12-2ee0876461da.jpg?v=1724052374"|"200"|""
"8"|"8910402486574"|"louis-vuitton-lv-ss21-1a7xpp"|"https://cdn.shopify.com/s/files/1/0729/7934/9806/files/3_540x_2028e109-d103-4631-94da-099aa65fbfe8.jpg?v=1724052374"|"200"|""
"9"|"8910403273006"|"louis-vuitton-t-men-s-blue-1a8x1p"|"https://cdn.shopify.com/s/files/1/0729/7934/9806/files/main-square_540x_76d7701c-ab3e-4f38-9763-9df48a3eb733.jpg?v=1724052759"|"200"|""
"10"|"8910403273006"|"louis-vuitton-t-men-s-blue-1a8x1p"|"https://cdn.shopify.com/s/files/1/0729/7934/9806/files/1_540x_54086e43-d145-4b06-9ebc-100bca967029.jpg?v=1724052759"|"200"|""
"11"|"8910403273006"|"louis-vuitton-t-men-s-blue-1a8x1p"|"https://cdn.shopify.com/s/files/1/0729/7934/9806/files/2_540x_73e9f739-182f-4b80-956a-31e7d3833cf5.jpg?v=1724052759"|"200"|""
"12"|"8910403273006"|"louis-vuitton-t-men-s-blue-1a8x1p"|"https://cdn.shopify.com/s/files/1/0729/7934/9806/files/3_540x_12819484-22db-432a-8a12-b6a0445bd19a.jpg?v=1724052759"|"200"|""
"13"|"8910400323886"|"louis-vuitton-lv-1a7qu6"|"https://cdn.shopify.com/s/files/1/0729/7934/9806/files/main-square_540x_08051775-bb54-499c-a792-c88fd059e074.jpg?v=1721831564"|""|""
"9"|"8910403273006"|"louis-vuitton-t-men-s-blue-1a8x1p"|"https://cdn.shopify.com/s/files/1/0729/7934/9806/files/main-square_540x_76d7701c-ab3e-4f38-9763-9df48a3eb733.jpg?v=1724052759"|"200"|""
"10"|"8910403273006"|"louis-vuitton-t-men-s-blue-1a8x1p"|"https://cdn.shopify.com/s/files/1/0729/7934/9806/files/1_540x_54086e43-d145-4b06-9ebc-100bca967029.jpg?v=1724052759"|"200"|""
"11"|"8910403273006"|"louis-vuitton-t-men-s-blue-1a8x1p"|"https://cdn.shopify.com/s/files/1/0729/7934/9806/files/2_540x_73e9f739-182f-4b80-956a-31e7d3833cf5.jpg?v=1724052759"|"200"|""
"12"|"8910403273006"|"louis-vuitton-t-men-s-blue-1a8x1p"|"https://cdn.shopify.com/s/files/1/0729/7934/9806/files/3_540x_12819484-22db-432a-8a12-b6a0445bd19a.jpg?v=1724052759"|"200"|""
"13"|"8910400323886"|"louis-vuitton-lv-1a7qu6"|"https://cdn.shopify.com/s/files/1/0729/7934/9806/files/main-square_540x_08051775-bb54-499c-a792-c88fd059e074.jpg?v=1721831564"|"200"|"DUIS VUITTO, -
MALLETIER"
"14"|"8910405140782"|"louis-vuitton-fw21-tourist-vs-puristt-1a971t"|"https://cdn.shopify.com/s/files/1/0729/7934/9806/files/main-square_540x_cf2c1a29-652f-41a6-bb5e-2ed2aedd1864.jpg?v=1724255237"|"200"|"Tourist us. Puriot
Toovio us Puriet
ist vs. Purist
Toerises"
"15"|"8910405140782"|"louis-vuitton-fw21-tourist-vs-puristt-1a971t"|"https://cdn.shopify.com/s/files/1/0729/7934/9806/files/1_540x_d7fb6e4f-3ccb-4477-8ece-e1e885dbb0a8.jpg?v=1724255237"|"200"|"prit us, Pierst
Donnis on parkas"
"16"|"8910405140782"|"louis-vuitton-fw21-tourist-vs-puristt-1a971t"|"https://cdn.shopify.com/s/files/1/0729/7934/9806/files/2_540x_4685c061-ba8d-4152-a936-d713bd374f37.jpg?v=1724255237"|"200"|"borist vc. Purist
writ
200m ld tr"
"17"|"8910405140782"|"louis-vuitton-fw21-tourist-vs-puristt-1a971t"|"https://cdn.shopify.com/s/files/1/0729/7934/9806/files/3_540x_4a8318ee-59f4-42b2-8eb9-063af1d5d22e.jpg?v=1724255237"|"200"|"Tourist
Wt us Peuriot
Rouriot a. resiot
is. wrist
Tost vs.B"
"18"|"8910402847022"|"louis-vuitton-lv-t-women-s-t-shirt-black-1a7uf"|"https://cdn.shopify.com/s/files/1/0729/7934/9806/files/main-square_540x_a71e508c-ac96-44a4-b725-1d5b2502af78.jpg?v=1721138152"|"200"|"AN. ANtAC
La crobtens jane
NN 20
يايما & قديم لايعاية
MEURTRE NIEKE
Sit nitalhm
uucettte
ง0ล20
TRUNKINAYOR
XWSTANX
285M
iv cukate Woat
MEURTRS LUCIS"
"19"|"8910402847022"|"louis-vuitton-lv-t-women-s-t-shirt-black-1a7uf"|"https://cdn.shopify.com/s/files/1/0729/7934/9806/files/1_540x_0948a156-1bae-4423-9a41-24d9752a2992.jpg?v=1721138152"|"200"|""
"20"|"8910402847022"|"louis-vuitton-lv-t-women-s-t-shirt-black-1a7uf"|"https://cdn.shopify.com/s/files/1/0729/7934/9806/files/2_540x_223a6ef9-48a8-4e6a-a14e-dedb586f3eb7.jpg?v=1721138152"|"200"|""
"21"|"8910402847022"|"louis-vuitton-lv-t-women-s-t-shirt-black-1a7uf"|"https://cdn.shopify.com/s/files/1/0729/7934/9806/files/3_540x_2ee691d4-7c33-498a-824f-9cf7351b5109.jpg?v=1721138152"|"200"|"Nepu oh/w
SUMMER 20
the lack pacte is boscle
attrwock
CEN SIO LOCM ANS US .
Syar bu anll
1I LNA IWTRT MOON
Tuisl and Lock
"" TRUAK LUN SIES PROCK""
*v Tunkatte - Veiete
MEURTRE AUOKE
Tol mekal ture
The ghost in tha tront
รับทัล20
TRUNKINATOR
la malle (diale (91)"
"22"|"8910402847022"|"louis-vuitton-lv-t-women-s-t-shirt-black-1a7uf"|"https://cdn.shopify.com/s/files/1/0729/7934/9806/files/4_540x_9fe3ad45-1faf-4daa-a617-5a0765e9500a.jpg?v=1721138152"|"200"|""
"23"|"8910401765678"|"louis-vuitton-x-nigo2-lv2-ss22-1a9je6"|"https://cdn.shopify.com/s/files/1/0729/7934/9806/files/main-square_540x_18ea6c12-8b8b-4542-8c11-02488d45d8c0.jpg?v=1724255357"|"invalid"|"{'OCRExitCode': 99, 'IsErroredOnProcessing': True, 'ErrorMessage': ['Unable to recognize the file type', ""E216:Unable to detect the file extension, or the file extension is incorrect, and no 'file type' provided in request. Please provide a file with a proper content type or extension, or provide a file type in the request to manually set the file extension.""], 'ProcessingTimeInMilliseconds': '718'}"
"24"|"8910402978094"|"louis-vuitton-ss21-graphic-tee-1a8p0u"|"https://cdn.shopify.com/s/files/1/0729/7934/9806/files/main-square_540x_10d9c653-3733-4516-9f51-3e267cd829e3.jpg?v=1721268472"|"invalid"|"{'OCRExitCode': 99, 'IsErroredOnProcessing': True, 'ErrorMessage': ['Unable to recognize the file type', ""E216:Unable to detect the file extension, or the file extension is incorrect, and no 'file type' provided in request. Please provide a file with a proper content type or extension, or provide a file type in the request to manually set the file extension.""], 'ProcessingTimeInMilliseconds': '578'}"
"25"|"8910402978094"|"louis-vuitton-ss21-graphic-tee-1a8p0u"|"https://cdn.shopify.com/s/files/1/0729/7934/9806/files/1_540x_9f7ab837-116f-4503-a7c6-2be2b2dc4c2e.jpg?v=1721268472"|"invalid"|"{'OCRExitCode': 99, 'IsErroredOnProcessing': True, 'ErrorMessage': ['Unable to recognize the file type', ""E216:Unable to detect the file extension, or the file extension is incorrect, and no 'file type' provided in request. Please provide a file with a proper content type or extension, or provide a file type in the request to manually set the file extension.""], 'ProcessingTimeInMilliseconds': '468'}"
"26"|"8910402978094"|"louis-vuitton-ss21-graphic-tee-1a8p0u"|"https://cdn.shopify.com/s/files/1/0729/7934/9806/files/2_540x_0f0026b1-cbeb-438c-8622-01514838bb74.jpg?v=1721268472"|"invalid"|"{'OCRExitCode': 99, 'IsErroredOnProcessing': True, 'ErrorMessage': ['Unable to recognize the file type', ""E216:Unable to detect the file extension, or the file extension is incorrect, and no 'file type' provided in request. Please provide a file with a proper content type or extension, or provide a file type in the request to manually set the file extension.""], 'ProcessingTimeInMilliseconds': '265'}"
"27"|"8910402978094"|"louis-vuitton-ss21-graphic-tee-1a8p0u"|"https://cdn.shopify.com/s/files/1/0729/7934/9806/files/3_540x_d11f67a4-3447-4c0f-9289-d0319e95e5cf.jpg?v=1721268472"|"invalid"|"{'OCRExitCode': 99, 'IsErroredOnProcessing': True, 'ErrorMessage': ['Unable to recognize the file type', ""E216:Unable to detect the file extension, or the file extension is incorrect, and no 'file type' provided in request. Please provide a file with a proper content type or extension, or provide a file type in the request to manually set the file extension.""], 'ProcessingTimeInMilliseconds': '281'}"
"28"|"8910402978094"|"louis-vuitton-ss21-graphic-tee-1a8p0u"|"https://cdn.shopify.com/s/files/1/0729/7934/9806/files/4_540x_0cf0e693-0bda-455a-a382-31aa6aa3495f.jpg?v=1721268472"|"invalid"|"{'OCRExitCode': 99, 'IsErroredOnProcessing': True, 'ErrorMessage': ['Unable to recognize the file type', ""E216:Unable to detect the file extension, or the file extension is incorrect, and no 'file type' provided in request. Please provide a file with a proper content type or extension, or provide a file type in the request to manually set the file extension.""], 'ProcessingTimeInMilliseconds': '453'}"
"29"|"8910403698990"|"louis-vuitton-lv-fw21-tee-1a99ys"|"https://cdn.shopify.com/s/files/1/0729/7934/9806/files/main-square_540x_2a851f17-6d25-48d5-8f58-0c39a3b9caba.jpg?v=1724049570"|"invalid"|"{'OCRExitCode': 99, 'IsErroredOnProcessing': True, 'ErrorMessage': ['Unable to recognize the file type', ""E216:Unable to detect the file extension, or the file extension is incorrect, and no 'file type' provided in request. Please provide a file with a proper content type or extension, or provide a file type in the request to manually set the file extension.""], 'ProcessingTimeInMilliseconds': '250'}"
"30"|"8910400618798"|"louis-vuitton-ss22-monogram-1a9gj6"|"https://cdn.shopify.com/s/files/1/0729/7934/9806/files/main-square_540x_cb0ea6c3-019b-4935-9a1b-39e8832b2a38.jpg?v=1724052812"|"200"|""
"31"|"8910400618798"|"louis-vuitton-ss22-monogram-1a9gj6"|"https://cdn.shopify.com/s/files/1/0729/7934/9806/files/1_540x_b5828c10-01bf-4860-bce7-1e6a30860668.jpg?v=1724052812"|"200"|""
"32"|"8910400618798"|"louis-vuitton-ss22-monogram-1a9gj6"|"https://cdn.shopify.com/s/files/1/0729/7934/9806/files/2_540x_195f9b3d-2d24-4b4d-9e24-28f09ac6f0b8.jpg?v=1724052812"|"200"|""
"33"|"8910400618798"|"louis-vuitton-ss22-monogram-1a9gj6"|"https://cdn.shopify.com/s/files/1/0729/7934/9806/files/3_540x_17544467-cc95-48c1-8c29-fe49ce8c1b09.jpg?v=1724052812"|"200"|""
"34"|"8910401175854"|"louis-vuitton-lv-fw21-1a9glx"|"https://cdn.shopify.com/s/files/1/0729/7934/9806/files/main-square_540x_fcc9433e-eaf3-4b96-b81c-68545d705706.jpg?v=1722587769"|"200"|"Louis.
Luitton
MADE"
"35"|"8910401175854"|"louis-vuitton-lv-fw21-1a9glx"|"https://cdn.shopify.com/s/files/1/0729/7934/9806/files/1_540x_5335913f-0c4b-4ab1-bc9c-117f01171ec6.jpg?v=1722587769"|"200"|"Louis."
"36"|"8910401175854"|"louis-vuitton-lv-fw21-1a9glx"|"https://cdn.shopify.com/s/files/1/0729/7934/9806/files/2_540x_91e468ad-1323-412c-b43a-8ae9c7d3f759.jpg?v=1722587769"|"200"|""
"37"|"8910401175854"|"louis-vuitton-lv-fw21-1a9glx"|"https://cdn.shopify.com/s/files/1/0729/7934/9806/files/3_540x_874c2df4-bebc-4f36-9b07-07bcd25aef9d.jpg?v=1722587769"|"200"|"Louis,
wittan
MADE"
"38"|"8910402289966"|"louis-vuitton-lv-fw21-1a99vy"|"https://cdn.shopify.com/s/files/1/0729/7934/9806/files/main-square_540x_de4ec157-af60-4ceb-99db-aa9f90f891db.jpg?v=1724047653"|"invalid"|"{'OCRExitCode': 99, 'IsErroredOnProcessing': True, 'ErrorMessage': ['Unable to recognize the file type', ""E216:Unable to detect the file extension, or the file extension is incorrect, and no 'file type' provided in request. Please provide a file with a proper content type or extension, or provide a file type in the request to manually set the file extension.""], 'ProcessingTimeInMilliseconds': '468'}"
"39"|"8910402289966"|"louis-vuitton-lv-fw21-1a99vy"|"https://cdn.shopify.com/s/files/1/0729/7934/9806/files/1_540x_f2f442fa-02cd-4c71-8e17-19549c7ca38c.jpg?v=1724047653"|"invalid"|"{'OCRExitCode': 99, 'IsErroredOnProcessing': True, 'ErrorMessage': ['Unable to recognize the file type', ""E216:Unable to detect the file extension, or the file extension is incorrect, and no 'file type' provided in request. Please provide a file with a proper content type or extension, or provide a file type in the request to manually set the file extension.""], 'ProcessingTimeInMilliseconds': '453'}"
"40"|"8910402289966"|"louis-vuitton-lv-fw21-1a99vy"|"https://cdn.shopify.com/s/files/1/0729/7934/9806/files/2_540x_026d8011-3914-4a98-a825-2513e0eeacd3.jpg?v=1724047653"|"invalid"|"{'OCRExitCode': 99, 'IsErroredOnProcessing': True, 'ErrorMessage': ['Unable to recognize the file type', ""E216:Unable to detect the file extension, or the file extension is incorrect, and no 'file type' provided in request. Please provide a file with a proper content type or extension, or provide a file type in the request to manually set the file extension.""], 'ProcessingTimeInMilliseconds': '234'}"
"41"|"8910402289966"|"louis-vuitton-lv-fw21-1a99vy"|"https://cdn.shopify.com/s/files/1/0729/7934/9806/files/3_540x_7d1d7942-2de5-4d4d-a4c1-17488e05d2f3.jpg?v=1724047653"|"invalid"|"{'OCRExitCode': 99, 'IsErroredOnProcessing': True, 'ErrorMessage': ['Unable to recognize the file type', ""E216:Unable to detect the file extension, or the file extension is incorrect, and no 'file type' provided in request. Please provide a file with a proper content type or extension, or provide a file type in the request to manually set the file extension.""], 'ProcessingTimeInMilliseconds': '500'}"
"42"|"8910400258350"|"louis-vuitton-lv-wonderland-1a1ixu"|"https://cdn.shopify.com/s/files/1/0729/7934/9806/files/main-square_540x_f8200668-f766-45cd-83eb-332cada1632e.jpg?v=1724047704"|"200"|""
"43"|"8910400258350"|"louis-vuitton-lv-wonderland-1a1ixu"|"https://cdn.shopify.com/s/files/1/0729/7934/9806/files/1_540x_85a202de-4323-4213-ba35-9ed6e3894a6f.jpg?v=1724047704"|"200"|""
"44"|"8910400258350"|"louis-vuitton-lv-wonderland-1a1ixu"|"https://cdn.shopify.com/s/files/1/0729/7934/9806/files/2_540x_61297f79-0a6d-4ef3-9c19-42d9155f44e9.jpg?v=1724047704"|"200"|"C"
"45"|"8910400258350"|"louis-vuitton-lv-wonderland-1a1ixu"|"https://cdn.shopify.com/s/files/1/0729/7934/9806/files/3_540x_8aa2fb79-3ae3-420b-b6d2-13241d63f278.jpg?v=1724047704"|"200"|""
"46"|"8910404714798"|"louis-vuitton-lv-tee-1a8xfq"|"https://cdn.shopify.com/s/files/1/0729/7934/9806/files/main-square_540x_97c4a956-5e4a-4ec8-92a5-557665e91820.jpg?v=1721268819"|"invalid"|"{'OCRExitCode': 99, 'IsErroredOnProcessing': True, 'ErrorMessage': ['Unable to recognize the file type', ""E216:Unable to detect the file extension, or the file extension is incorrect, and no 'file type' provided in request. Please provide a file with a proper content type or extension, or provide a file type in the request to manually set the file extension.""], 'ProcessingTimeInMilliseconds': '468'}"
"47"|"8910404714798"|"louis-vuitton-lv-tee-1a8xfq"|"https://cdn.shopify.com/s/files/1/0729/7934/9806/files/1_540x_b04ef332-4bea-4797-9f3a-9d782f5e77cf.jpg?v=1721268819"|"invalid"|"{'OCRExitCode': 99, 'IsErroredOnProcessing': True, 'ErrorMessage': ['Unable to recognize the file type', ""E216:Unable to detect the file extension, or the file extension is incorrect, and no 'file type' provided in request. Please provide a file with a proper content type or extension, or provide a file type in the request to manually set the file extension.""], 'ProcessingTimeInMilliseconds': '218'}"
"48"|"8910404714798"|"louis-vuitton-lv-tee-1a8xfq"|"https://cdn.shopify.com/s/files/1/0729/7934/9806/files/2_540x_e7b000b3-9dc0-4079-9d74-e6cc5df55d53.jpg?v=1721268819"|"invalid"|"{'OCRExitCode': 99, 'IsErroredOnProcessing': True, 'ErrorMessage': ['Unable to recognize the file type', ""E216:Unable to detect the file extension, or the file extension is incorrect, and no 'file type' provided in request. Please provide a file with a proper content type or extension, or provide a file type in the request to manually set the file extension.""], 'ProcessingTimeInMilliseconds': '500'}"
"49"|"8910404714798"|"louis-vuitton-lv-tee-1a8xfq"|"https://cdn.shopify.com/s/files/1/0729/7934/9806/files/3_540x_e619bcd0-5269-4454-972b-55baa547a749.jpg?v=1721268819"|"invalid"|"{'OCRExitCode': 99, 'IsErroredOnProcessing': True, 'ErrorMessage': ['Unable to recognize the file type', ""E216:Unable to detect the file extension, or the file extension is incorrect, and no 'file type' provided in request. Please provide a file with a proper content type or extension, or provide a file type in the request to manually set the file extension.""], 'ProcessingTimeInMilliseconds': '234'}"
"50"|"8910401241390"|"louis-vuitton-x-nigo2-lv2-ss22-1a9gvm"|"https://cdn.shopify.com/s/files/1/0729/7934/9806/files/main-square_540x_67b22abc-dbb0-4e6f-b25a-97fff1f9c9bd.jpg?v=1724049042"|"invalid"|"{'OCRExitCode': 99, 'IsErroredOnProcessing': True, 'ErrorMessage': ['Unable to recognize the file type', ""E216:Unable to detect the file extension, or the file extension is incorrect, and no 'file type' provided in request. Please provide a file with a proper content type or extension, or provide a file type in the request to manually set the file extension.""], 'ProcessingTimeInMilliseconds': '234'}"
"51"|"8910401241390"|"louis-vuitton-x-nigo2-lv2-ss22-1a9gvm"|"https://cdn.shopify.com/s/files/1/0729/7934/9806/files/1_540x_ae92a650-a26d-4525-8506-4cd4444017e5.jpg?v=1724049043"|"invalid"|"{'OCRExitCode': 99, 'IsErroredOnProcessing': True, 'ErrorMessage': ['Unable to recognize the file type', ""E216:Unable to detect the file extension, or the file extension is incorrect, and no 'file type' provided in request. Please provide a file with a proper content type or extension, or provide a file type in the request to manually set the file extension.""], 'ProcessingTimeInMilliseconds': '437'}"
"52"|"8910401241390"|"louis-vuitton-x-nigo2-lv2-ss22-1a9gvm"|"https://cdn.shopify.com/s/files/1/0729/7934/9806/files/2_540x_e3e696f0-5ac3-4d2c-a01c-a27a44a235d5.jpg?v=1724049043"|"invalid"|"{'OCRExitCode': 99, 'IsErroredOnProcessing': True, 'ErrorMessage': ['Unable to recognize the file type', ""E216:Unable to detect the file extension, or the file extension is incorrect, and no 'file type' provided in request. Please provide a file with a proper content type or extension, or provide a file type in the request to manually set the file extension.""], 'ProcessingTimeInMilliseconds': '453'}"
"53"|"8910401241390"|"louis-vuitton-x-nigo2-lv2-ss22-1a9gvm"|"https://cdn.shopify.com/s/files/1/0729/7934/9806/files/3_540x_ab43559f-0b9c-447a-8dd3-c82ed2ff08bc.jpg?v=1724049043"|"invalid"|"{'OCRExitCode': 99, 'IsErroredOnProcessing': True, 'ErrorMessage': ['Unable to recognize the file type', ""E216:Unable to detect the file extension, or the file extension is incorrect, and no 'file type' provided in request. Please provide a file with a proper content type or extension, or provide a file type in the request to manually set the file extension.""], 'ProcessingTimeInMilliseconds': '453'}"
"54"|"8910401241390"|"louis-vuitton-x-nigo2-lv2-ss22-1a9gvm"|"https://cdn.shopify.com/s/files/1/0729/7934/9806/files/4_540x_eb31b540-b1bd-47d0-a84c-8c9945a52547.jpg?v=1724049043"|"invalid"|"{'OCRExitCode': 99, 'IsErroredOnProcessing': True, 'ErrorMessage': ['Unable to recognize the file type', ""E216:Unable to detect the file extension, or the file extension is incorrect, and no 'file type' provided in request. Please provide a file with a proper content type or extension, or provide a file type in the request to manually set the file extension.""], 'ProcessingTimeInMilliseconds': '312'}"
"55"|"8910401044782"|"louis-vuitton-fw21-logo-1a9fq1"|"https://cdn.shopify.com/s/files/1/0729/7934/9806/files/main-square_540x_fcd0c84c-b55a-491d-906f-0e86d74daaf4.jpg?v=1721268512"|"invalid"|"{'OCRExitCode': 99, 'IsErroredOnProcessing': True, 'ErrorMessage': ['Unable to recognize the file type', ""E216:Unable to detect the file extension, or the file extension is incorrect, and no 'file type' provided in request. Please provide a file with a proper content type or extension, or provide a file type in the request to manually set the file extension.""], 'ProcessingTimeInMilliseconds': '281'}"
"56"|"8910401044782"|"louis-vuitton-fw21-logo-1a9fq1"|"https://cdn.shopify.com/s/files/1/0729/7934/9806/files/1_540x_0b32290b-76f9-4fa2-867a-5d8099972997.jpg?v=1721268512"|"invalid"|"{'OCRExitCode': 99, 'IsErroredOnProcessing': True, 'ErrorMessage': ['Unable to recognize the file type', ""E216:Unable to detect the file extension, or the file extension is incorrect, and no 'file type' provided in request. Please provide a file with a proper content type or extension, or provide a file type in the request to manually set the file extension.""], 'ProcessingTimeInMilliseconds': '484'}"
"57"|"8910401044782"|"louis-vuitton-fw21-logo-1a9fq1"|"https://cdn.shopify.com/s/files/1/0729/7934/9806/files/2_540x_1483fd65-0e35-40f8-9390-d183b3bd4b94.jpg?v=1721268512"|"invalid"|"{'OCRExitCode': 99, 'IsErroredOnProcessing': True, 'ErrorMessage': ['Unable to recognize the file type', ""E216:Unable to detect the file extension, or the file extension is incorrect, and no 'file type' provided in request. Please provide a file with a proper content type or extension, or provide a file type in the request to manually set the file extension.""], 'ProcessingTimeInMilliseconds': '250'}"
"58"|"8910401044782"|"louis-vuitton-fw21-logo-1a9fq1"|"https://cdn.shopify.com/s/files/1/0729/7934/9806/files/3_540x_af88ab7e-c982-41ab-b0e9-96e329d79a70.jpg?v=1721268512"|"invalid"|"{'OCRExitCode': 99, 'IsErroredOnProcessing': True, 'ErrorMessage': ['Unable to recognize the file type', ""E216:Unable to detect the file extension, or the file extension is incorrect, and no 'file type' provided in request. Please provide a file with a proper content type or extension, or provide a file type in the request to manually set the file extension.""], 'ProcessingTimeInMilliseconds': '500'}"
"59"|"8910403764526"|"louis-vuitton-lv-tee-1a7qi"|"https://cdn.shopify.com/s/files/1/0729/7934/9806/files/main-square_540x_ef3bc6d3-a3ee-4a96-90de-2a8cfb7cc42c.jpg?v=1724052627"|""|""
"55"|"8910401044782"|"louis-vuitton-fw21-logo-1a9fq1"|"https://cdn.shopify.com/s/files/1/0729/7934/9806/files/main-square_540x_fcd0c84c-b55a-491d-906f-0e86d74daaf4.jpg?v=1721268512"|"invalid"|"{'OCRExitCode': 99, 'IsErroredOnProcessing': True, 'ErrorMessage': ['Unable to recognize the file type', ""E216:Unable to detect the file extension, or the file extension is incorrect, and no 'file type' provided in request. Please provide a file with a proper content type or extension, or provide a file type in the request to manually set the file extension.""], 'ProcessingTimeInMilliseconds': '515'}"
"56"|"8910401044782"|"louis-vuitton-fw21-logo-1a9fq1"|"https://cdn.shopify.com/s/files/1/0729/7934/9806/files/1_540x_0b32290b-76f9-4fa2-867a-5d8099972997.jpg?v=1721268512"|"invalid"|"{'OCRExitCode': 99, 'IsErroredOnProcessing': True, 'ErrorMessage': ['Unable to recognize the file type', ""E216:Unable to detect the file extension, or the file extension is incorrect, and no 'file type' provided in request. Please provide a file with a proper content type or extension, or provide a file type in the request to manually set the file extension.""], 'ProcessingTimeInMilliseconds': '453'}"
"57"|"8910401044782"|"louis-vuitton-fw21-logo-1a9fq1"|"https://cdn.shopify.com/s/files/1/0729/7934/9806/files/2_540x_1483fd65-0e35-40f8-9390-d183b3bd4b94.jpg?v=1721268512"|"invalid"|"{'OCRExitCode': 99, 'IsErroredOnProcessing': True, 'ErrorMessage': ['Unable to recognize the file type', ""E216:Unable to detect the file extension, or the file extension is incorrect, and no 'file type' provided in request. Please provide a file with a proper content type or extension, or provide a file type in the request to manually set the file extension.""], 'ProcessingTimeInMilliseconds': '437'}"
"58"|"8910401044782"|"louis-vuitton-fw21-logo-1a9fq1"|"https://cdn.shopify.com/s/files/1/0729/7934/9806/files/3_540x_af88ab7e-c982-41ab-b0e9-96e329d79a70.jpg?v=1721268512"|"invalid"|"{'OCRExitCode': 99, 'IsErroredOnProcessing': True, 'ErrorMessage': ['Unable to recognize the file type', ""E216:Unable to detect the file extension, or the file extension is incorrect, and no 'file type' provided in request. Please provide a file with a proper content type or extension, or provide a file type in the request to manually set the file extension.""], 'ProcessingTimeInMilliseconds': '515'}"
"59"|"8910403764526"|"louis-vuitton-lv-tee-1a7qi"|"https://cdn.shopify.com/s/files/1/0729/7934/9806/files/main-square_540x_ef3bc6d3-a3ee-4a96-90de-2a8cfb7cc42c.jpg?v=1724052627"|"200"|""
"60"|"8910403764526"|"louis-vuitton-lv-tee-1a7qi"|"https://cdn.shopify.com/s/files/1/0729/7934/9806/files/1_540x_48a78fae-e3d5-49de-b987-a6c1c8f5b792.jpg?v=1724052627"|"200"|""
"61"|"8910403764526"|"louis-vuitton-lv-tee-1a7qi"|"https://cdn.shopify.com/s/files/1/0729/7934/9806/files/2_540x_c9e7f6c4-0619-4140-ad35-d269d8014a5d.jpg?v=1724052627"|"200"|""
"62"|"8910401012014"|"louis-vuitton-fw21-logo-1a8qv7"|"https://cdn.shopify.com/s/files/1/0729/7934/9806/files/main-square_540x_0bb12376-8eeb-4f9a-8aec-e6b0987ea16d.jpg?v=1721272011"|"200"|""
"63"|"8910401012014"|"louis-vuitton-fw21-logo-1a8qv7"|"https://cdn.shopify.com/s/files/1/0729/7934/9806/files/1_540x_d399f7b6-29e4-4624-86bb-724ece505e5e.jpg?v=1721272011"|"200"|""
"64"|"8910401012014"|"louis-vuitton-fw21-logo-1a8qv7"|"https://cdn.shopify.com/s/files/1/0729/7934/9806/files/2_540x_42d7f168-889c-4525-98f6-1ae7bf26ff46.jpg?v=1721272011"|"200"|""
"65"|"8910401012014"|"louis-vuitton-fw21-logo-1a8qv7"|"https://cdn.shopify.com/s/files/1/0729/7934/9806/files/3_540x_7fd9cfdd-4df3-48d0-bd55-166c0cd0404b.jpg?v=1721272011"|"200"|""
"66"|"8910403010862"|"louis-vuitton-ss21-t-men-s-1a8qwa"|"https://cdn.shopify.com/s/files/1/0729/7934/9806/files/main-square_85a88e20-14a9-4c42-bc90-c59bcabb2f9d.jpg?v=1700770789"|"200"|""
"67"|"8910403010862"|"louis-vuitton-ss21-t-men-s-1a8qwa"|"https://cdn.shopify.com/s/files/1/0729/7934/9806/files/1_9e2a6481-54c5-415c-89d4-03d7d41449f9.jpg?v=1700770789"|"200"|""
"68"|"8910403010862"|"louis-vuitton-ss21-t-men-s-1a8qwa"|"https://cdn.shopify.com/s/files/1/0729/7934/9806/files/3_645c313f-12f3-46e6-9819-920b51473e3a.jpg?v=1700770789"|"200"|""
"69"|"8910400061742"|"louis-vuitton-lv-frontrow-1a2xok"|"https://cdn.shopify.com/s/files/1/0729/7934/9806/files/main-square_540x_cae2a09f-1959-47ad-82ec-5f2cc14892c0.jpg?v=1724047831"|"200"|"BROADIRA ZIRON"
"70"|"8910400061742"|"louis-vuitton-lv-frontrow-1a2xok"|"https://cdn.shopify.com/s/files/1/0729/7934/9806/files/1_540x_372fc773-43f1-4c28-b65c-a750a0e759a8.jpg?v=1724047831"|"200"|""
"71"|"8910400061742"|"louis-vuitton-lv-frontrow-1a2xok"|"https://cdn.shopify.com/s/files/1/0729/7934/9806/files/2_540x_22170ea5-e058-4718-8731-1fcfc881da71.jpg?v=1724047831"|"200"|"INUR S207"
"72"|"8910400061742"|"louis-vuitton-lv-frontrow-1a2xok"|"https://cdn.shopify.com/s/files/1/0729/7934/9806/files/3_540x_59241049-c836-4b07-a80a-f9eef3c9ae62.jpg?v=1724047831"|"200"|""
"73"|"8910403633454"|"louis-vuitton-x-nba-fw21-logo-tee-1a8x0w"|"https://cdn.shopify.com/s/files/1/0729/7934/9806/files/main-square_540x_b5ecd56e-beae-47bf-ad05-1f8318a8480d.jpg?v=1724052904"|"200"|""
"74"|"8910405304622"|"louis-vuitton-half-damier-tee-1a8hbp"|"https://cdn.shopify.com/s/files/1/0729/7934/9806/files/main-square_540x_991f59ed-9b3a-4088-9fae-0a41d1bb74c1.jpg?v=1721269126"|"invalid"|"{'OCRExitCode': 99, 'IsErroredOnProcessing': True, 'ErrorMessage': ['Unable to recognize the file type', ""E216:Unable to detect the file extension, or the file extension is incorrect, and no 'file type' provided in request. Please provide a file with a proper content type or extension, or provide a file type in the request to manually set the file extension.""], 'ProcessingTimeInMilliseconds': '468'}"
"75"|"8910405304622"|"louis-vuitton-half-damier-tee-1a8hbp"|"https://cdn.shopify.com/s/files/1/0729/7934/9806/files/1_540x_d59b7716-d26f-4ea4-b092-f2b6808eefae.jpg?v=1721269126"|"invalid"|"{'OCRExitCode': 99, 'IsErroredOnProcessing': True, 'ErrorMessage': ['Unable to recognize the file type', ""E216:Unable to detect the file extension, or the file extension is incorrect, and no 'file type' provided in request. Please provide a file with a proper content type or extension, or provide a file type in the request to manually set the file extension.""], 'ProcessingTimeInMilliseconds': '453'}"
"76"|"8910405304622"|"louis-vuitton-half-damier-tee-1a8hbp"|"https://cdn.shopify.com/s/files/1/0729/7934/9806/files/2_540x_6f76a7c9-f3e5-4a12-b956-2742aedebed9.jpg?v=1721269126"|"invalid"|"{'OCRExitCode': 99, 'IsErroredOnProcessing': True, 'ErrorMessage': ['Unable to recognize the file type', ""E216:Unable to detect the file extension, or the file extension is incorrect, and no 'file type' provided in request. Please provide a file with a proper content type or extension, or provide a file type in the request to manually set the file extension.""], 'ProcessingTimeInMilliseconds': '234'}"
"77"|"8910404059438"|"louis-vuitton-fw21-logo-tee-1a5d0z"|"https://cdn.shopify.com/s/files/1/0729/7934/9806/files/main-square_540x_2d4aa75a-b83d-46e5-b973-faff207010c5.jpg?v=1724053049"|"200"|""
"78"|"8910404059438"|"louis-vuitton-fw21-logo-tee-1a5d0z"|"https://cdn.shopify.com/s/files/1/0729/7934/9806/files/1_540x_56b41549-2f6a-4843-b572-2db9644b505f.jpg?v=1724053049"|"200"|""
"79"|"8910404059438"|"louis-vuitton-fw21-logo-tee-1a5d0z"|"https://cdn.shopify.com/s/files/1/0729/7934/9806/files/2_540x_a59e8f10-140f-4800-a543-1b103eb1f6ad.jpg?v=1724053049"|"200"|""
"80"|"8910404059438"|"louis-vuitton-fw21-logo-tee-1a5d0z"|"https://cdn.shopify.com/s/files/1/0729/7934/9806/files/3_540x_28a4ae36-328a-4d6d-b4ee-edf125f05a6d.jpg?v=1724053049"|"200"|""
"81"|"8910401503534"|"louis-vuitton-fw21-logo-1a3lsd"|"https://cdn.shopify.com/s/files/1/0729/7934/9806/files/main-square_540x_64205f14-15a5-4c95-8c52-062a6488962a.jpg?v=1724255369"|"invalid"|"{'OCRExitCode': 99, 'IsErroredOnProcessing': True, 'ErrorMessage': ['Unable to recognize the file type', ""E216:Unable to detect the file extension, or the file extension is incorrect, and no 'file type' provided in request. Please provide a file with a proper content type or extension, or provide a file type in the request to manually set the file extension.""], 'ProcessingTimeInMilliseconds': '468'}"
"82"|"8910401503534"|"louis-vuitton-fw21-logo-1a3lsd"|"https://cdn.shopify.com/s/files/1/0729/7934/9806/files/1_540x_afa63174-0dc4-49ba-b6aa-c4e52fde7717.jpg?v=1724255369"|"invalid"|"{'OCRExitCode': 99, 'IsErroredOnProcessing': True, 'ErrorMessage': ['Unable to recognize the file type', ""E216:Unable to detect the file extension, or the file extension is incorrect, and no 'file type' provided in request. Please provide a file with a proper content type or extension, or provide a file type in the request to manually set the file extension.""], 'ProcessingTimeInMilliseconds': '484'}"
"83"|"8910401503534"|"louis-vuitton-fw21-logo-1a3lsd"|"https://cdn.shopify.com/s/files/1/0729/7934/9806/files/2_540x_89fc286b-182a-4b7d-9a2c-f130d62a58dd.jpg?v=1724255369"|"invalid"|"{'OCRExitCode': 99, 'IsErroredOnProcessing': True, 'ErrorMessage': ['Unable to recognize the file type', ""E216:Unable to detect the file extension, or the file extension is incorrect, and no 'file type' provided in request. Please provide a file with a proper content type or extension, or provide a file type in the request to manually set the file extension.""], 'ProcessingTimeInMilliseconds': '484'}"
"84"|"8910401503534"|"louis-vuitton-fw21-logo-1a3lsd"|"https://cdn.shopify.com/s/files/1/0729/7934/9806/files/3_540x_4f32cfce-c089-4f9e-a322-9a0e44c2aeb0.jpg?v=1724255369"|"invalid"|"{'OCRExitCode': 99, 'IsErroredOnProcessing': True, 'ErrorMessage': ['Unable to recognize the file type', ""E216:Unable to detect the file extension, or the file extension is incorrect, and no 'file type' provided in request. Please provide a file with a proper content type or extension, or provide a file type in the request to manually set the file extension.""], 'ProcessingTimeInMilliseconds': '234'}"
"85"|"8910404845870"|"louis-vuitton-fw21-maison-louis-vuitton-lv-logo-tee-1a99zm"|"https://cdn.shopify.com/s/files/1/0729/7934/9806/files/main-square_540x_53871274-bd91-499f-b3a9-6b19def63e0b.jpg?v=1724047626"|"200"|"MAISON
LOUIS
NUATION"
"86"|"8910404845870"|"louis-vuitton-fw21-maison-louis-vuitton-lv-logo-tee-1a99zm"|"https://cdn.shopify.com/s/files/1/0729/7934/9806/files/1_540x_73ca6db7-83db-4952-b647-5bf82cf5c9f6.jpg?v=1724047626"|"200"|"MAISON
LOUIS
VUITON"
"87"|"8910404845870"|"louis-vuitton-fw21-maison-louis-vuitton-lv-logo-tee-1a99zm"|"https://cdn.shopify.com/s/files/1/0729/7934/9806/files/2_540x_b48eeeac-7a1e-436b-9dbe-1704b38bc8ce.jpg?v=1724047626"|"200"|""
"88"|"8910404845870"|"louis-vuitton-fw21-maison-louis-vuitton-lv-logo-tee-1a99zm"|"https://cdn.shopify.com/s/files/1/0729/7934/9806/files/3_540x_82252ec3-fe06-43e6-bea8-d62b3f7fa508.jpg?v=1724047626"|"200"|"MAISON
LOUS
NUINGY"
"89"|"8910405271854"|"louis-vuitton-lv-vegetal-tee-1a7qo"|"https://cdn.shopify.com/s/files/1/0729/7934/9806/files/main-square_540x_f14afe6e-573a-4143-8a19-16f0f599c969.jpg?v=1724052456"|"200"|""
"90"|"8910405271854"|"louis-vuitton-lv-vegetal-tee-1a7qo"|"https://cdn.shopify.com/s/files/1/0729/7934/9806/files/1_540x_01d1a67a-6476-4460-b733-5550fc9a1918.jpg?v=1724052456"|"200"|""
"91"|"8910405271854"|"louis-vuitton-lv-vegetal-tee-1a7qo"|"https://cdn.shopify.com/s/files/1/0729/7934/9806/files/2_540x_6bd83085-a0a5-46f4-b977-782fca6b7524.jpg?v=1724052456"|"200"|""
"92"|"8910401372462"|"louis-vuitton-lv-1a46vv"|"https://cdn.shopify.com/s/files/1/0729/7934/9806/files/main-square_540x_598dcf13-6440-4721-b10f-4eba09b2c1c1.jpg?v=1724255483"|"invalid"|"{'OCRExitCode': 99, 'IsErroredOnProcessing': True, 'ErrorMessage': ['Unable to recognize the file type', ""E216:Unable to detect the file extension, or the file extension is incorrect, and no 'file type' provided in request. Please provide a file with a proper content type or extension, or provide a file type in the request to manually set the file extension.""], 'ProcessingTimeInMilliseconds': '281'}"
"93"|"8910401372462"|"louis-vuitton-lv-1a46vv"|"https://cdn.shopify.com/s/files/1/0729/7934/9806/files/1_540x_57d97559-896a-4a31-99cf-0b8ea2266e19.jpg?v=1724255483"|"invalid"|"{'OCRExitCode': 99, 'IsErroredOnProcessing': True, 'ErrorMessage': ['Unable to recognize the file type', ""E216:Unable to detect the file extension, or the file extension is incorrect, and no 'file type' provided in request. Please provide a file with a proper content type or extension, or provide a file type in the request to manually set the file extension.""], 'ProcessingTimeInMilliseconds': '453'}"
"94"|"8910401372462"|"louis-vuitton-lv-1a46vv"|"https://cdn.shopify.com/s/files/1/0729/7934/9806/files/2_540x_0c916d1f-aae3-45ce-946e-f9867bc659a4.jpg?v=1724255483"|"invalid"|"{'OCRExitCode': 99, 'IsErroredOnProcessing': True, 'ErrorMessage': ['Unable to recognize the file type', ""E216:Unable to detect the file extension, or the file extension is incorrect, and no 'file type' provided in request. Please provide a file with a proper content type or extension, or provide a file type in the request to manually set the file extension.""], 'ProcessingTimeInMilliseconds': '250'}"
"95"|"8910403076398"|"louis-vuitton-monogram-3d-tee-1a5vi3"|"https://cdn.shopify.com/s/files/1/0729/7934/9806/files/main-square_540x_35f0a7c1-d7ef-4ee9-8bb8-dd437984a787.jpg?v=1724049109"|"invalid"|"{'OCRExitCode': 99, 'IsErroredOnProcessing': True, 'ErrorMessage': ['Unable to recognize the file type', ""E216:Unable to detect the file extension, or the file extension is incorrect, and no 'file type' provided in request. Please provide a file with a proper content type or extension, or provide a file type in the request to manually set the file extension.""], 'ProcessingTimeInMilliseconds': '687'}"
"96"|"8910403076398"|"louis-vuitton-monogram-3d-tee-1a5vi3"|"https://cdn.shopify.com/s/files/1/0729/7934/9806/files/1_540x_253caecc-1f78-4716-9657-9aa772ae618c.jpg?v=1724049109"|"invalid"|"{'OCRExitCode': 99, 'IsErroredOnProcessing': True, 'ErrorMessage': ['Unable to recognize the file type', ""E216:Unable to detect the file extension, or the file extension is incorrect, and no 'file type' provided in request. Please provide a file with a proper content type or extension, or provide a file type in the request to manually set the file extension.""], 'ProcessingTimeInMilliseconds': '468'}"
"97"|"8910403076398"|"louis-vuitton-monogram-3d-tee-1a5vi3"|"https://cdn.shopify.com/s/files/1/0729/7934/9806/files/2_540x_57ceba23-7a79-4800-9d2e-dd8269be752f.jpg?v=1724049109"|"invalid"|"{'OCRExitCode': 99, 'IsErroredOnProcessing': True, 'ErrorMessage': ['Unable to recognize the file type', ""E216:Unable to detect the file extension, or the file extension is incorrect, and no 'file type' provided in request. Please provide a file with a proper content type or extension, or provide a file type in the request to manually set the file extension.""], 'ProcessingTimeInMilliseconds': '219'}"
"98"|"8910403076398"|"louis-vuitton-monogram-3d-tee-1a5vi3"|"https://cdn.shopify.com/s/files/1/0729/7934/9806/files/3_540x_76c7f791-ac50-41ca-bf7b-6f7879c0d495.jpg?v=1724049109"|"invalid"|"{'OCRExitCode': 99, 'IsErroredOnProcessing': True, 'ErrorMessage': ['Unable to recognize the file type', ""E216:Unable to detect the file extension, or the file extension is incorrect, and no 'file type' provided in request. Please provide a file with a proper content type or extension, or provide a file type in the request to manually set the file extension.""], 'ProcessingTimeInMilliseconds': '296'}"
"99"|"8910403043630"|"louis-vuitton-1a5ph"|"https://cdn.shopify.com/s/files/1/0729/7934/9806/files/main-square_540x_6cf53eb9-5720-4d12-8e93-58db87ee69ee.jpg?v=1724048981"|"invalid"|"{'OCRExitCode': 99, 'IsErroredOnProcessing': True, 'ErrorMessage': ['Unable to recognize the file type', ""E216:Unable to detect the file extension, or the file extension is incorrect, and no 'file type' provided in request. Please provide a file with a proper content type or extension, or provide a file type in the request to manually set the file extension.""], 'ProcessingTimeInMilliseconds': '500'}"
"100"|"8910403043630"|"louis-vuitton-1a5ph"|"https://cdn.shopify.com/s/files/1/0729/7934/9806/files/1_540x_f8aa23ed-50f0-4949-9e12-cb541df8728b.jpg?v=1724048981"|"invalid"|"{'OCRExitCode': 99, 'IsErroredOnProcessing': True, 'ErrorMessage': ['Unable to recognize the file type', ""E216:Unable to detect the file extension, or the file extension is incorrect, and no 'file type' provided in request. Please provide a file with a proper content type or extension, or provide a file type in the request to manually set the file extension.""], 'ProcessingTimeInMilliseconds': '484'}"
"101"|"8910403043630"|"louis-vuitton-1a5ph"|"https://cdn.shopify.com/s/files/1/0729/7934/9806/files/2_540x_dbabcffe-9def-47d6-9a8d-e0fd29c318ae.jpg?v=1724048981"|"invalid"|"{'OCRExitCode': 99, 'IsErroredOnProcessing': True, 'ErrorMessage': ['Unable to recognize the file type', ""E216:Unable to detect the file extension, or the file extension is incorrect, and no 'file type' provided in request. Please provide a file with a proper content type or extension, or provide a file type in the request to manually set the file extension.""], 'ProcessingTimeInMilliseconds': '453'}"
"102"|"8910403043630"|"louis-vuitton-1a5ph"|"https://cdn.shopify.com/s/files/1/0729/7934/9806/files/3_540x_0a9f4a54-c496-45f7-8843-e3f0e80d5628.jpg?v=1724048981"|"invalid"|"{'OCRExitCode': 99, 'IsErroredOnProcessing': True, 'ErrorMessage': ['Unable to recognize the file type', ""E216:Unable to detect the file extension, or the file extension is incorrect, and no 'file type' provided in request. Please provide a file with a proper content type or extension, or provide a file type in the request to manually set the file extension.""], 'ProcessingTimeInMilliseconds': '437'}"
"103"|"8910402453806"|"louis-vuitton-x-nba-fw21-logo-hly12wdm0900"|"https://cdn.shopify.com/s/files/1/0729/7934/9806/files/main-square_540x_e82e9097-ed64-441c-8e2b-7d99e5f2f0e0.jpg?v=1724052866"|"200"|""
"104"|"8910402453806"|"louis-vuitton-x-nba-fw21-logo-hly12wdm0900"|"https://cdn.shopify.com/s/files/1/0729/7934/9806/files/1_540x_84523550-d0c6-40e6-8908-04fdd65ac48e.jpg?v=1724052866"|"200"|""
"105"|"8910402126126"|"louis-vuitton-lv-1a5vh"|"https://cdn.shopify.com/s/files/1/0729/7934/9806/files/main-square_540x_d4df3c61-e18a-416c-9c24-1d28cfaa75a1.jpg?v=1724053129"|"200"|""
"106"|"8910402126126"|"louis-vuitton-lv-1a5vh"|"https://cdn.shopify.com/s/files/1/0729/7934/9806/files/1_540x_b4524b32-4efd-41c0-a6cf-11e76fc362ef.jpg?v=1724053130"|"200"|""
"107"|"8910402126126"|"louis-vuitton-lv-1a5vh"|"https://cdn.shopify.com/s/files/1/0729/7934/9806/files/2_540x_f1881bfb-c62f-4d90-a589-ca760e8705c7.jpg?v=1724053130"|"200"|""
"108"|"8910402126126"|"louis-vuitton-lv-1a5vh"|"https://cdn.shopify.com/s/files/1/0729/7934/9806/files/3_540x_0517fb7a-04f8-4fd6-945f-203e65eefc92.jpg?v=1724053130"|"200"|""
"109"|"8910402126126"|"louis-vuitton-lv-1a5vh"|"https://cdn.shopify.com/s/files/1/0729/7934/9806/files/4_540x_fbbe58aa-7bd2-45fd-9369-6eab98178ddc.jpg?v=1724053130"|"200"|""
"110"|"8910406582574"|"louis-vuitton-holy-mountain-tee-1a5dj"|"https://cdn.shopify.com/s/files/1/0729/7934/9806/files/main-square_540x_c0aa4531-c3a3-40d4-9343-db90e53cb072.jpg?v=1721664991"|"200"|"Winder of the Told"
"111"|"8910406582574"|"louis-vuitton-holy-mountain-tee-1a5dj"|"https://cdn.shopify.com/s/files/1/0729/7934/9806/files/1_540x_22832568-468c-4010-b324-b33e61a1796f.jpg?v=1721664991"|"200"|""
"112"|"8910406582574"|"louis-vuitton-holy-mountain-tee-1a5dj"|"https://cdn.shopify.com/s/files/1/0729/7934/9806/files/2_540x_54637ddc-eca9-4c7e-b945-cdc0a40e64fd.jpg?v=1721664991"|"200"|""
"113"|"8910406582574"|"louis-vuitton-holy-mountain-tee-1a5dj"|"https://cdn.shopify.com/s/files/1/0729/7934/9806/files/3_540x_6a2356ce-cf6f-47f2-80bf-71bfa2cc1b4c.jpg?v=1721664991"|"200"|""
"114"|"8910406582574"|"louis-vuitton-holy-mountain-tee-1a5dj"|"https://cdn.shopify.com/s/files/1/0729/7934/9806/files/4_540x_f37a0ce6-7da8-444c-bd92-56b374addef7.jpg?v=1721664991"|"200"|"Imagme
Wonder of the
World"
"115"|"8910401863982"|"louis-vuitton-fw21-logo-1a9fp9"|"https://cdn.shopify.com/s/files/1/0729/7934/9806/files/main-square_540x_0fba37fe-6104-4ed8-93e9-43cdacc92437.jpg?v=1721665598"|"200"|""
"116"|"8910401863982"|"louis-vuitton-fw21-logo-1a9fp9"|"https://cdn.shopify.com/s/files/1/0729/7934/9806/files/1_540x_87bb6e19-6e45-4371-9810-91bb5677bb92.jpg?v=1721665598"|"200"|""
"117"|"8910401863982"|"louis-vuitton-fw21-logo-1a9fp9"|"https://cdn.shopify.com/s/files/1/0729/7934/9806/files/2_540x_711570e7-5f5c-4e09-8c9b-7c6ab31f74eb.jpg?v=1721665598"|"200"|""
"118"|"8910401863982"|"louis-vuitton-fw21-logo-1a9fp9"|"https://cdn.shopify.com/s/files/1/0729/7934/9806/files/3_540x_1da97770-c4d7-4495-8ccf-ebee099450a7.jpg?v=1721665598"|"200"|""
"119"|"8910404354350"|"louis-vuitton-lv-fw21-tee-1a97oc"|"https://cdn.shopify.com/s/files/1/0729/7934/9806/files/main-square_540x_5f6ad798-cef0-4976-bfb3-83fc1ee1c99c.jpg?v=1724052578"|"200"|""
"120"|"8910400454958"|"louis-vuitton-fw21-men-s-yellow-1a9fpu"|"https://cdn.shopify.com/s/files/1/0729/7934/9806/files/main-square_540x_59875ab1-b241-47d6-85f5-45ec5cf350ab.jpg?v=1721665164"|"200"|""
"121"|"8910400454958"|"louis-vuitton-fw21-men-s-yellow-1a9fpu"|"https://cdn.shopify.com/s/files/1/0729/7934/9806/files/1_540x_beef16ba-4ce2-4469-9751-94074bdb9b90.jpg?v=1721665164"|"200"|""
"122"|"8910400454958"|"louis-vuitton-fw21-men-s-yellow-1a9fpu"|"https://cdn.shopify.com/s/files/1/0729/7934/9806/files/2_540x_6fa86f6c-1369-455b-86be-fe9686d711b3.jpg?v=1721665164"|"200"|""
"123"|"8910400454958"|"louis-vuitton-fw21-men-s-yellow-1a9fpu"|"https://cdn.shopify.com/s/files/1/0729/7934/9806/files/3_540x_085a77dd-9d17-4ebb-b94d-04a4c4ebcb23.jpg?v=1721665164"|"200"|""
"124"|"8910404944174"|"louis-vuitton-lv-ss21-tee-1a8r56"|"https://cdn.shopify.com/s/files/1/0729/7934/9806/files/main-square_540x_5cd68f64-981f-4af5-bb03-5859342d6448.jpg?v=1724255033"|"200"|""
"125"|"8910404944174"|"louis-vuitton-lv-ss21-tee-1a8r56"|"https://cdn.shopify.com/s/files/1/0729/7934/9806/files/1_540x_e14dfa30-2482-4b15-b58a-ebbf57a79d8f.jpg?v=1724255033"|"200"|""
"126"|"8910404944174"|"louis-vuitton-lv-ss21-tee-1a8r56"|"https://cdn.shopify.com/s/files/1/0729/7934/9806/files/2_540x_51c5fa24-e894-4b5b-a44a-92a7a1b72ddf.jpg?v=1724255033"|"200"|""
"127"|"8910404944174"|"louis-vuitton-lv-ss21-tee-1a8r56"|"https://cdn.shopify.com/s/files/1/0729/7934/9806/files/3_540x_0915aabe-219b-4dc0-b0c3-dea5e628e5be.jpg?v=1724255033"|"200"|""
"128"|"8910404944174"|"louis-vuitton-lv-ss21-tee-1a8r56"|"https://cdn.shopify.com/s/files/1/0729/7934/9806/files/4_540x_f400f8ee-c1ec-48e0-afad-4410216d6eb6.jpg?v=1724255033"|"200"|""
"129"|"8910401437998"|"louis-vuitton-fw21-logo-1a9fpg"|"https://cdn.shopify.com/s/files/1/0729/7934/9806/files/main-square_540x_5a0d96d2-fd78-4ab5-b09a-43774ea9b3fe.jpg?v=1724255224"|"200"|""
"130"|"8910401437998"|"louis-vuitton-fw21-logo-1a9fpg"|"https://cdn.shopify.com/s/files/1/0729/7934/9806/files/1_540x_c660eabc-d6b7-4c39-8e32-8def1bbcc699.jpg?v=1724255224"|"200"|""
"131"|"8910401437998"|"louis-vuitton-fw21-logo-1a9fpg"|"https://cdn.shopify.com/s/files/1/0729/7934/9806/files/2_540x_6a58f215-5506-49b4-83c4-3f707fee46a9.jpg?v=1724255224"|"200"|""
"132"|"8910401437998"|"louis-vuitton-fw21-logo-1a9fpg"|"https://cdn.shopify.com/s/files/1/0729/7934/9806/files/3_540x_02e8aa6e-3172-464b-b92c-3a386939c897.jpg?v=1724255224"|"200"|""
"133"|"8910400913710"|"louis-vuitton-ss21-2054-men-s-black-1a8hdt"|"https://cdn.shopify.com/s/files/1/0729/7934/9806/files/main-square_540x_feea463b-795d-4076-8782-45a065fa6c66.jpg?v=1724048582"|"invalid"|"{'OCRExitCode': 99, 'IsErroredOnProcessing': True, 'ErrorMessage': ['Unable to recognize the file type', ""E216:Unable to detect the file extension, or the file extension is incorrect, and no 'file type' provided in request. Please provide a file with a proper content type or extension, or provide a file type in the request to manually set the file extension.""], 'ProcessingTimeInMilliseconds': '484'}"
"134"|"8910400913710"|"louis-vuitton-ss21-2054-men-s-black-1a8hdt"|"https://cdn.shopify.com/s/files/1/0729/7934/9806/files/1_540x_0d43a339-064e-419d-8b24-559c68c22058.jpg?v=1724048582"|"invalid"|"{'OCRExitCode': 99, 'IsErroredOnProcessing': True, 'ErrorMessage': ['Unable to recognize the file type', ""E216:Unable to detect the file extension, or the file extension is incorrect, and no 'file type' provided in request. Please provide a file with a proper content type or extension, or provide a file type in the request to manually set the file extension.""], 'ProcessingTimeInMilliseconds': '453'}"
"135"|"8910400913710"|"louis-vuitton-ss21-2054-men-s-black-1a8hdt"|"https://cdn.shopify.com/s/files/1/0729/7934/9806/files/2_540x_dd8c26d7-bc39-4a52-b1cd-f212772d1bfb.jpg?v=1724048582"|"invalid"|"{'OCRExitCode': 99, 'IsErroredOnProcessing': True, 'ErrorMessage': ['Unable to recognize the file type', ""E216:Unable to detect the file extension, or the file extension is incorrect, and no 'file type' provided in request. Please provide a file with a proper content type or extension, or provide a file type in the request to manually set the file extension.""], 'ProcessingTimeInMilliseconds': '265'}"
"136"|"8910400913710"|"louis-vuitton-ss21-2054-men-s-black-1a8hdt"|"https://cdn.shopify.com/s/files/1/0729/7934/9806/files/3_540x_e7c5c4cf-22c9-484c-bfb8-d7cc54993a6e.jpg?v=1724048582"|"invalid"|"{'OCRExitCode': 99, 'IsErroredOnProcessing': True, 'ErrorMessage': ['Unable to recognize the file type', ""E216:Unable to detect the file extension, or the file extension is incorrect, and no 'file type' provided in request. Please provide a file with a proper content type or extension, or provide a file type in the request to manually set the file extension.""], 'ProcessingTimeInMilliseconds': '515'}"
"137"|"8910402683182"|"louis-vuitton-jacquard-t-shirt-with-cloud-pattern-for-men-blue-1a8a7x"|"https://cdn.shopify.com/s/files/1/0729/7934/9806/files/main-square_540x_0ebe04a4-4751-4465-aecd-2cac0c3027d4.jpg?v=1721267216"|"invalid"|"{'OCRExitCode': 99, 'IsErroredOnProcessing': True, 'ErrorMessage': ['Unable to recognize the file type', ""E216:Unable to detect the file extension, or the file extension is incorrect, and no 'file type' provided in request. Please provide a file with a proper content type or extension, or provide a file type in the request to manually set the file extension.""], 'ProcessingTimeInMilliseconds': '437'}"
"138"|"8910402683182"|"louis-vuitton-jacquard-t-shirt-with-cloud-pattern-for-men-blue-1a8a7x"|"https://cdn.shopify.com/s/files/1/0729/7934/9806/files/1_540x_e2dd8916-f4f0-4770-817a-0dc543c51cd8.jpg?v=1721267216"|"invalid"|"{'OCRExitCode': 99, 'IsErroredOnProcessing': True, 'ErrorMessage': ['Unable to recognize the file type', ""E216:Unable to detect the file extension, or the file extension is incorrect, and no 'file type' provided in request. Please provide a file with a proper content type or extension, or provide a file type in the request to manually set the file extension.""], 'ProcessingTimeInMilliseconds': '265'}"
"139"|"8910402683182"|"louis-vuitton-jacquard-t-shirt-with-cloud-pattern-for-men-blue-1a8a7x"|"https://cdn.shopify.com/s/files/1/0729/7934/9806/files/2_540x_458096fa-a601-47f8-8361-f3c73920b1dc.jpg?v=1721267216"|"invalid"|"{'OCRExitCode': 99, 'IsErroredOnProcessing': True, 'ErrorMessage': ['Unable to recognize the file type', ""E216:Unable to detect the file extension, or the file extension is incorrect, and no 'file type' provided in request. Please provide a file with a proper content type or extension, or provide a file type in the request to manually set the file extension.""], 'ProcessingTimeInMilliseconds': '468'}"
"140"|"8910400684334"|"louis-vuitton-fw21-men-s-green-1a9fqt"|"https://cdn.shopify.com/s/files/1/0729/7934/9806/files/main-square_540x_baef7a02-d424-4c27-8dcb-f6edc08ea870.jpg?v=1722187922"|"200"|""
"141"|"8910403928366"|"louis-vuitton-logo-tee-1a40r"|"https://cdn.shopify.com/s/files/1/0729/7934/9806/files/main-square_540x_efcfa811-e3b1-4adf-9ebb-96f969405171.jpg?v=1724052893"|"200"|""
"142"|"8910403928366"|"louis-vuitton-logo-tee-1a40r"|"https://cdn.shopify.com/s/files/1/0729/7934/9806/files/1_540x_01e4f0f7-3e44-4458-bb46-64386c504e23.jpg?v=1724052893"|"200"|""
"143"|"8910403928366"|"louis-vuitton-logo-tee-1a40r"|"https://cdn.shopify.com/s/files/1/0729/7934/9806/files/2_540x_c9c8a0d3-c520-4c70-ab1a-315951b55830.jpg?v=1724052894"|"200"|""
"144"|"8910403928366"|"louis-vuitton-logo-tee-1a40r"|"https://cdn.shopify.com/s/files/1/0729/7934/9806/files/3_540x_b06efd1c-20e5-4e81-818e-22bda770e860.jpg?v=1724052894"|"200"|""
"145"|"8910400651566"|"louis-vuitton-ss22-men-s-black-1a9svu"|"https://cdn.shopify.com/s/files/1/0729/7934/9806/files/main-square_540x_aeef33ed-194c-4744-ac49-3e7f422f034d.jpg?v=1724048536"|"invalid"|"{'OCRExitCode': 99, 'IsErroredOnProcessing': True, 'ErrorMessage': ['Unable to recognize the file type', ""E216:Unable to detect the file extension, or the file extension is incorrect, and no 'file type' provided in request. Please provide a file with a proper content type or extension, or provide a file type in the request to manually set the file extension.""], 'ProcessingTimeInMilliseconds': '265'}"
"146"|"8910400651566"|"louis-vuitton-ss22-men-s-black-1a9svu"|"https://cdn.shopify.com/s/files/1/0729/7934/9806/files/1_540x_123a5ef4-9a6a-45e2-8ffb-4ff54e1f20ae.jpg?v=1724048536"|"invalid"|"{'OCRExitCode': 99, 'IsErroredOnProcessing': True, 'ErrorMessage': ['Unable to recognize the file type', ""E216:Unable to detect the file extension, or the file extension is incorrect, and no 'file type' provided in request. Please provide a file with a proper content type or extension, or provide a file type in the request to manually set the file extension.""], 'ProcessingTimeInMilliseconds': '500'}"
"147"|"8910400651566"|"louis-vuitton-ss22-men-s-black-1a9svu"|"https://cdn.shopify.com/s/files/1/0729/7934/9806/files/2_540x_4b2c859a-1236-4899-bc83-4a3c7fd8a431.jpg?v=1724048536"|"invalid"|"{'OCRExitCode': 99, 'IsErroredOnProcessing': True, 'ErrorMessage': ['Unable to recognize the file type', ""E216:Unable to detect the file extension, or the file extension is incorrect, and no 'file type' provided in request. Please provide a file with a proper content type or extension, or provide a file type in the request to manually set the file extension.""], 'ProcessingTimeInMilliseconds': '234'}"
"148"|"8910400651566"|"louis-vuitton-ss22-men-s-black-1a9svu"|"https://cdn.shopify.com/s/files/1/0729/7934/9806/files/3_540x_d3aa7cfe-56cb-46b9-9f9b-3ad86601ea97.jpg?v=1724048536"|"invalid"|"{'OCRExitCode': 99, 'IsErroredOnProcessing': True, 'ErrorMessage': ['Unable to recognize the file type', ""E216:Unable to detect the file extension, or the file extension is incorrect, and no 'file type' provided in request. Please provide a file with a proper content type or extension, or provide a file type in the request to manually set the file extension.""], 'ProcessingTimeInMilliseconds': '687'}"
"149"|"8910402421038"|"louis-vuitton-lv-1a7r98"|"https://cdn.shopify.com/s/files/1/0729/7934/9806/files/main-square_540x_77ec9caf-c178-4c04-897f-f3c917284610.jpg?v=1721271987"|"200"|""
"150"|"8910402421038"|"louis-vuitton-lv-1a7r98"|"https://cdn.shopify.com/s/files/1/0729/7934/9806/files/1_540x_62da5430-8528-44f7-a4cd-65393516dd01.jpg?v=1721271987"|"200"|""
"151"|"8910402421038"|"louis-vuitton-lv-1a7r98"|"https://cdn.shopify.com/s/files/1/0729/7934/9806/files/2_540x_09b647f6-908a-4ae8-887f-2a826acada0c.jpg?v=1721271987"|"200"|""
"152"|"8910403469614"|"louis-vuitton-lv-tee-1a7qh"|"https://cdn.shopify.com/s/files/1/0729/7934/9806/files/main-square_540x_779b610e-e7b1-4cbd-a445-136ba33682ea.jpg?v=1721271581"|"200"|""
"153"|"8910403469614"|"louis-vuitton-lv-tee-1a7qh"|"https://cdn.shopify.com/s/files/1/0729/7934/9806/files/1_540x_9843cbf6-e62a-4fc1-b7e4-3443e7c90f7e.jpg?v=1721271581"|"200"|""
"154"|"8910404878638"|"louis-vuitton-lv-ss21-2054t-1a8hmi"|"https://cdn.shopify.com/s/files/1/0729/7934/9806/files/main-square_540x_d085bf7b-24e4-476a-9946-60fec85dce3e.jpg?v=1724255167"|"invalid"|"{'OCRExitCode': 99, 'IsErroredOnProcessing': True, 'ErrorMessage': ['Unable to recognize the file type', ""E216:Unable to detect the file extension, or the file extension is incorrect, and no 'file type' provided in request. Please provide a file with a proper content type or extension, or provide a file type in the request to manually set the file extension.""], 'ProcessingTimeInMilliseconds': '453'}"
"155"|"8910404583726"|"louis-vuitton-lv-fw20-1a7t6"|"https://cdn.shopify.com/s/files/1/0729/7934/9806/files/main-square_540x_aead65c3-08c5-4191-9caf-8fc199bc907c.jpg?v=1721138171"|"200"|""
"156"|"8910404583726"|"louis-vuitton-lv-fw20-1a7t6"|"https://cdn.shopify.com/s/files/1/0729/7934/9806/files/1_540x_d51e0066-3467-402c-bb82-138a50867ee7.jpg?v=1721138171"|"200"|""
"157"|"8910404583726"|"louis-vuitton-lv-fw20-1a7t6"|"https://cdn.shopify.com/s/files/1/0729/7934/9806/files/2_540x_bc314119-1a84-4613-bb9d-4043318d2b24.jpg?v=1721138171"|"200"|""
"158"|"8910402584878"|"louis-vuitton-t-men-s-blue-1a7x3"|"https://cdn.shopify.com/s/files/1/0729/7934/9806/files/main-square_540x_e741167c-4746-48e7-b9d9-514fe5fa7a9f.jpg?v=1724255389"|"200"|""
"159"|"8910402584878"|"louis-vuitton-t-men-s-blue-1a7x3"|"https://cdn.shopify.com/s/files/1/0729/7934/9806/files/1_540x_aab2a975-6eae-42af-b0c5-18e5f04295f4.jpg?v=1724255389"|"200"|""
"160"|"8910402584878"|"louis-vuitton-t-men-s-blue-1a7x3"|"https://cdn.shopify.com/s/files/1/0729/7934/9806/files/2_540x_a0a87d9a-ff95-404e-aaee-4d141d7f8862.jpg?v=1724255389"|"200"|""
"161"|"8910400815406"|"louis-vuitton-fw21-men-s-blue-1a9exb"|"https://cdn.shopify.com/s/files/1/0729/7934/9806/files/main-square_540x_235b5e82-691c-446b-823b-1c0f1d1979f8.jpg?v=1724048506"|"invalid"|"{'OCRExitCode': 99, 'IsErroredOnProcessing': True, 'ErrorMessage': ['Unable to recognize the file type', ""E216:Unable to detect the file extension, or the file extension is incorrect, and no 'file type' provided in request. Please provide a file with a proper content type or extension, or provide a file type in the request to manually set the file extension.""], 'ProcessingTimeInMilliseconds': '531'}"
"162"|"8910400815406"|"louis-vuitton-fw21-men-s-blue-1a9exb"|"https://cdn.shopify.com/s/files/1/0729/7934/9806/files/1_540x_2cb1f94a-9143-44e3-802d-a55f4b0e0ba9.jpg?v=1724048506"|"invalid"|"{'OCRExitCode': 99, 'IsErroredOnProcessing': True, 'ErrorMessage': ['Unable to recognize the file type', ""E216:Unable to detect the file extension, or the file extension is incorrect, and no 'file type' provided in request. Please provide a file with a proper content type or extension, or provide a file type in the request to manually set the file extension.""], 'ProcessingTimeInMilliseconds': '453'}"
"163"|"8910400815406"|"louis-vuitton-fw21-men-s-blue-1a9exb"|"https://cdn.shopify.com/s/files/1/0729/7934/9806/files/2_540x_f0d19cee-35e9-4ff1-b829-65972828eec6.jpg?v=1724048506"|"invalid"|"{'OCRExitCode': 99, 'IsErroredOnProcessing': True, 'ErrorMessage': ['Unable to recognize the file type', ""E216:Unable to detect the file extension, or the file extension is incorrect, and no 'file type' provided in request. Please provide a file with a proper content type or extension, or provide a file type in the request to manually set the file extension.""], 'ProcessingTimeInMilliseconds': '515'}"
"164"|"8910400815406"|"louis-vuitton-fw21-men-s-blue-1a9exb"|"https://cdn.shopify.com/s/files/1/0729/7934/9806/files/3_540x_1bedc1ac-7ae0-4ef2-a78e-a3b2e5d81a9f.jpg?v=1724048507"|"invalid"|"{'OCRExitCode': 99, 'IsErroredOnProcessing': True, 'ErrorMessage': ['Unable to recognize the file type', ""E216:Unable to detect the file extension, or the file extension is incorrect, and no 'file type' provided in request. Please provide a file with a proper content type or extension, or provide a file type in the request to manually set the file extension.""], 'ProcessingTimeInMilliseconds': '468'}"
"165"|"8910401667374"|"louis-vuitton-x-nigo2-lv2-ss22-logo-1a9glt"|"https://cdn.shopify.com/s/files/1/0729/7934/9806/files/main-square_540x_794987f4-b633-4072-af18-bc25f436401b.jpg?v=1724254851"|"invalid"|"{'OCRExitCode': 99, 'IsErroredOnProcessing': True, 'ErrorMessage': ['Unable to recognize the file type', ""E216:Unable to detect the file extension, or the file extension is incorrect, and no 'file type' provided in request. Please provide a file with a proper content type or extension, or provide a file type in the request to manually set the file extension.""], 'ProcessingTimeInMilliseconds': '468'}"
"166"|"8910401667374"|"louis-vuitton-x-nigo2-lv2-ss22-logo-1a9glt"|"https://cdn.shopify.com/s/files/1/0729/7934/9806/files/1_540x_50ec354d-c038-4e45-8ca2-ad275dd1f35e.jpg?v=1724254851"|"invalid"|"{'OCRExitCode': 99, 'IsErroredOnProcessing': True, 'ErrorMessage': ['Unable to recognize the file type', ""E216:Unable to detect the file extension, or the file extension is incorrect, and no 'file type' provided in request. Please provide a file with a proper content type or extension, or provide a file type in the request to manually set the file extension.""], 'ProcessingTimeInMilliseconds': '453'}"
"167"|"8910401667374"|"louis-vuitton-x-nigo2-lv2-ss22-logo-1a9glt"|"https://cdn.shopify.com/s/files/1/0729/7934/9806/files/2_540x_c0e45276-d837-4a4e-8ec5-7db0e412a997.jpg?v=1724254852"|"invalid"|"{'OCRExitCode': 99, 'IsErroredOnProcessing': True, 'ErrorMessage': ['Unable to recognize the file type', ""E216:Unable to detect the file extension, or the file extension is incorrect, and no 'file type' provided in request. Please provide a file with a proper content type or extension, or provide a file type in the request to manually set the file extension.""], 'ProcessingTimeInMilliseconds': '234'}"
"168"|"8910401667374"|"louis-vuitton-x-nigo2-lv2-ss22-logo-1a9glt"|"https://cdn.shopify.com/s/files/1/0729/7934/9806/files/3_540x_4ae11bab-dc57-4098-b407-9165fe5048f7.jpg?v=1724254852"|"invalid"|"{'OCRExitCode': 99, 'IsErroredOnProcessing': True, 'ErrorMessage': ['Unable to recognize the file type', ""E216:Unable to detect the file extension, or the file extension is incorrect, and no 'file type' provided in request. Please provide a file with a proper content type or extension, or provide a file type in the request to manually set the file extension.""], 'ProcessingTimeInMilliseconds': '453'}"
"169"|"8910403371310"|"louis-vuitton-fw21-end-goal-tee-1a97ag"|"https://cdn.shopify.com/s/files/1/0729/7934/9806/files/main-square_540x_bd219381-21c7-49ac-9dbe-6e82045953c6.jpg?v=1721661926"|"invalid"|"{'OCRExitCode': 99, 'IsErroredOnProcessing': True, 'ErrorMessage': ['Unable to recognize the file type', ""E216:Unable to detect the file extension, or the file extension is incorrect, and no 'file type' provided in request. Please provide a file with a proper content type or extension, or provide a file type in the request to manually set the file extension.""], 'ProcessingTimeInMilliseconds': '281'}"
"170"|"8910403371310"|"louis-vuitton-fw21-end-goal-tee-1a97ag"|"https://cdn.shopify.com/s/files/1/0729/7934/9806/files/1_540x_8f346547-42c7-4500-9bdc-32e0917c47aa.jpg?v=1721661926"|"invalid"|"{'OCRExitCode': 99, 'IsErroredOnProcessing': True, 'ErrorMessage': ['Unable to recognize the file type', ""E216:Unable to detect the file extension, or the file extension is incorrect, and no 'file type' provided in request. Please provide a file with a proper content type or extension, or provide a file type in the request to manually set the file extension.""], 'ProcessingTimeInMilliseconds': '453'}"
"171"|"8910403371310"|"louis-vuitton-fw21-end-goal-tee-1a97ag"|"https://cdn.shopify.com/s/files/1/0729/7934/9806/files/2_540x_8873f16a-ea21-4823-b0d2-1eeff40152db.jpg?v=1721661926"|"invalid"|"{'OCRExitCode': 99, 'IsErroredOnProcessing': True, 'ErrorMessage': ['Unable to recognize the file type', ""E216:Unable to detect the file extension, or the file extension is incorrect, and no 'file type' provided in request. Please provide a file with a proper content type or extension, or provide a file type in the request to manually set the file extension.""], 'ProcessingTimeInMilliseconds': '265'}"
"172"|"8910403371310"|"louis-vuitton-fw21-end-goal-tee-1a97ag"|"https://cdn.shopify.com/s/files/1/0729/7934/9806/files/3_540x_1177e819-a269-40bc-97de-cc3933d5ba54.jpg?v=1721661926"|"invalid"|"{'OCRExitCode': 99, 'IsErroredOnProcessing': True, 'ErrorMessage': ['Unable to recognize the file type', ""E216:Unable to detect the file extension, or the file extension is incorrect, and no 'file type' provided in request. Please provide a file with a proper content type or extension, or provide a file type in the request to manually set the file extension.""], 'ProcessingTimeInMilliseconds': '453'}"
"173"|"8910403371310"|"louis-vuitton-fw21-end-goal-tee-1a97ag"|"https://cdn.shopify.com/s/files/1/0729/7934/9806/files/4_540x_7ef07b1b-befe-4766-9fdb-fa92c68a41f3.jpg?v=1721661926"|"invalid"|"{'OCRExitCode': 99, 'IsErroredOnProcessing': True, 'ErrorMessage': ['Unable to recognize the file type', ""E216:Unable to detect the file extension, or the file extension is incorrect, and no 'file type' provided in request. Please provide a file with a proper content type or extension, or provide a file type in the request to manually set the file extension.""], 'ProcessingTimeInMilliseconds': '484'}"
"174"|"8910405173550"|"louis-vuitton-inside-out-tee-1a8h2g"|"https://cdn.shopify.com/s/files/1/0729/7934/9806/files/main-square_540x_323767d7-6031-4939-b604-822e1b2ad1e8.jpg?v=1724255160"|"200"|""
"175"|"8910405173550"|"louis-vuitton-inside-out-tee-1a8h2g"|"https://cdn.shopify.com/s/files/1/0729/7934/9806/files/1_540x_9b701dce-4958-4524-8f4e-ba41db38da21.jpg?v=1724255160"|"200"|""
"176"|"8910405173550"|"louis-vuitton-inside-out-tee-1a8h2g"|"https://cdn.shopify.com/s/files/1/0729/7934/9806/files/2_540x_d6f1b9c2-cf68-46d9-b4b1-bb356112cfb9.jpg?v=1724255160"|"200"|""
"177"|"8910405173550"|"louis-vuitton-inside-out-tee-1a8h2g"|"https://cdn.shopify.com/s/files/1/0729/7934/9806/files/3_540x_83770590-8fdd-4903-a791-d38f9ee6206e.jpg?v=1724255160"|"200"|""
"178"|"8910405206318"|"louis-vuitton-damierlogo-tee-1a7rj"|"https://cdn.shopify.com/s/files/1/0729/7934/9806/files/main-square_540x_f75e5e8d-e061-42c2-bd66-c82f740bcfe7.jpg?v=1724053089"|"200"|""
"179"|"8910405206318"|"louis-vuitton-damierlogo-tee-1a7rj"|"https://cdn.shopify.com/s/files/1/0729/7934/9806/files/1_540x_273e4349-d908-466b-b8bc-86cc68afad28.jpg?v=1724053089"|"200"|"ASIS"
"180"|"8910403830062"|"louis-vuitton-lv-planes-print-t-shirt-for-men-white-1a5we2"|"https://cdn.shopify.com/s/files/1/0729/7934/9806/files/main-square_540x_08abec8d-cc42-4213-bbf6-8b6a55dacda6.jpg?v=1724052679"|"200"|""
"181"|"8910403830062"|"louis-vuitton-lv-planes-print-t-shirt-for-men-white-1a5we2"|"https://cdn.shopify.com/s/files/1/0729/7934/9806/files/1_540x_dac49b62-a406-49fe-b7c8-edc388520641.jpg?v=1724052679"|"200"|""
"182"|"8910403830062"|"louis-vuitton-lv-planes-print-t-shirt-for-men-white-1a5we2"|"https://cdn.shopify.com/s/files/1/0729/7934/9806/files/2_540x_3f549501-8e4f-4392-a733-45ed9ccb56c9.jpg?v=1724052679"|"200"|""
"183"|"8910405370158"|"louis-vuitton-lv-fw21-tee-1a9a0l"|"https://cdn.shopify.com/s/files/1/0729/7934/9806/files/main-square_540x_5a7773ae-e92a-4ea8-9909-5765dc4ecaf8.jpg?v=1724049560"|"invalid"|"{'OCRExitCode': 99, 'IsErroredOnProcessing': True, 'ErrorMessage': ['Unable to recognize the file type', ""E216:Unable to detect the file extension, or the file extension is incorrect, and no 'file type' provided in request. Please provide a file with a proper content type or extension, or provide a file type in the request to manually set the file extension.""], 'ProcessingTimeInMilliseconds': '515'}"
"184"|"8910405370158"|"louis-vuitton-lv-fw21-tee-1a9a0l"|"https://cdn.shopify.com/s/files/1/0729/7934/9806/files/1_540x_1ad1c768-a0aa-4aab-8671-aecb735a8536.jpg?v=1724049560"|"invalid"|"{'OCRExitCode': 99, 'IsErroredOnProcessing': True, 'ErrorMessage': ['Unable to recognize the file type', ""E216:Unable to detect the file extension, or the file extension is incorrect, and no 'file type' provided in request. Please provide a file with a proper content type or extension, or provide a file type in the request to manually set the file extension.""], 'ProcessingTimeInMilliseconds': '281'}"
"185"|"8910405370158"|"louis-vuitton-lv-fw21-tee-1a9a0l"|"https://cdn.shopify.com/s/files/1/0729/7934/9806/files/2_540x_7392f49a-01e5-4f82-b110-e990ca3862b4.jpg?v=1724049560"|"invalid"|"{'OCRExitCode': 99, 'IsErroredOnProcessing': True, 'ErrorMessage': ['Unable to recognize the file type', ""E216:Unable to detect the file extension, or the file extension is incorrect, and no 'file type' provided in request. Please provide a file with a proper content type or extension, or provide a file type in the request to manually set the file extension.""], 'ProcessingTimeInMilliseconds': '296'}"
"186"|"8910405370158"|"louis-vuitton-lv-fw21-tee-1a9a0l"|"https://cdn.shopify.com/s/files/1/0729/7934/9806/files/3_540x_8f83494d-80a8-489d-a553-ff57e7c48df7.jpg?v=1724049560"|"invalid"|"{'OCRExitCode': 99, 'IsErroredOnProcessing': True, 'ErrorMessage': ['Unable to recognize the file type', ""E216:Unable to detect the file extension, or the file extension is incorrect, and no 'file type' provided in request. Please provide a file with a proper content type or extension, or provide a file type in the request to manually set the file extension.""], 'ProcessingTimeInMilliseconds': '437'}"
"187"|"8910402715950"|"louis-vuitton-floral-print-crewneck-t-shirt-for-men-white-1a89z"|"https://cdn.shopify.com/s/files/1/0729/7934/9806/files/main-square_540x_e3cee5fa-5ce6-4119-a395-0b7a1ee74809.jpg?v=1721662315"|"invalid"|"{'OCRExitCode': 99, 'IsErroredOnProcessing': True, 'ErrorMessage': ['Unable to recognize the file type', ""E216:Unable to detect the file extension, or the file extension is incorrect, and no 'file type' provided in request. Please provide a file with a proper content type or extension, or provide a file type in the request to manually set the file extension.""], 'ProcessingTimeInMilliseconds': '250'}"
"188"|"8910402715950"|"louis-vuitton-floral-print-crewneck-t-shirt-for-men-white-1a89z"|"https://cdn.shopify.com/s/files/1/0729/7934/9806/files/1_540x_886d1ed8-ff03-4e51-8131-0fc0fcf7060a.jpg?v=1721662316"|"invalid"|"{'OCRExitCode': 99, 'IsErroredOnProcessing': True, 'ErrorMessage': ['Unable to recognize the file type', ""E216:Unable to detect the file extension, or the file extension is incorrect, and no 'file type' provided in request. Please provide a file with a proper content type or extension, or provide a file type in the request to manually set the file extension.""], 'ProcessingTimeInMilliseconds': '437'}"
"189"|"8910402715950"|"louis-vuitton-floral-print-crewneck-t-shirt-for-men-white-1a89z"|"https://cdn.shopify.com/s/files/1/0729/7934/9806/files/2_540x_2c53dc31-e735-4333-bc89-a9990ef28fc0.jpg?v=1721662316"|"invalid"|"{'OCRExitCode': 99, 'IsErroredOnProcessing': True, 'ErrorMessage': ['Unable to recognize the file type', ""E216:Unable to detect the file extension, or the file extension is incorrect, and no 'file type' provided in request. Please provide a file with a proper content type or extension, or provide a file type in the request to manually set the file extension.""], 'ProcessingTimeInMilliseconds': '437'}"
"190"|"8910402715950"|"louis-vuitton-floral-print-crewneck-t-shirt-for-men-white-1a89z"|"https://cdn.shopify.com/s/files/1/0729/7934/9806/files/3_540x_ab25c55a-9305-4ada-8061-795d94b4a166.jpg?v=1721662316"|"invalid"|"{'OCRExitCode': 99, 'IsErroredOnProcessing': True, 'ErrorMessage': ['Unable to recognize the file type', ""E216:Unable to detect the file extension, or the file extension is incorrect, and no 'file type' provided in request. Please provide a file with a proper content type or extension, or provide a file type in the request to manually set the file extension.""], 'ProcessingTimeInMilliseconds': '281'}"
"191"|"8910401274158"|"louis-vuitton-lv-1a5dax"|"https://cdn.shopify.com/s/files/1/0729/7934/9806/files/main-square_540x_03ef4415-18c5-4796-85cb-b91d805efc0b.jpg?v=1724255348"|"invalid"|"{'OCRExitCode': 99, 'IsErroredOnProcessing': True, 'ErrorMessage': ['Unable to recognize the file type', ""E216:Unable to detect the file extension, or the file extension is incorrect, and no 'file type' provided in request. Please provide a file with a proper content type or extension, or provide a file type in the request to manually set the file extension.""], 'ProcessingTimeInMilliseconds': '500'}"
"192"|"8910401274158"|"louis-vuitton-lv-1a5dax"|"https://cdn.shopify.com/s/files/1/0729/7934/9806/files/1_540x_06651a39-b2d6-4030-b817-5e0462baada0.jpg?v=1724255348"|"invalid"|"{'OCRExitCode': 99, 'IsErroredOnProcessing': True, 'ErrorMessage': ['Unable to recognize the file type', ""E216:Unable to detect the file extension, or the file extension is incorrect, and no 'file type' provided in request. Please provide a file with a proper content type or extension, or provide a file type in the request to manually set the file extension.""], 'ProcessingTimeInMilliseconds': '453'}"
"193"|"8910401274158"|"louis-vuitton-lv-1a5dax"|"https://cdn.shopify.com/s/files/1/0729/7934/9806/files/2_540x_08663a30-cf79-4323-8bd3-6371198bafed.jpg?v=1724255348"|"invalid"|"{'OCRExitCode': 99, 'IsErroredOnProcessing': True, 'ErrorMessage': ['Unable to recognize the file type', ""E216:Unable to detect the file extension, or the file extension is incorrect, and no 'file type' provided in request. Please provide a file with a proper content type or extension, or provide a file type in the request to manually set the file extension.""], 'ProcessingTimeInMilliseconds': '515'}"
"194"|"8910401274158"|"louis-vuitton-lv-1a5dax"|"https://cdn.shopify.com/s/files/1/0729/7934/9806/files/3_540x_b0bf5687-458d-440f-af70-c5874140022f.jpg?v=1724255348"|"invalid"|"{'OCRExitCode': 99, 'IsErroredOnProcessing': True, 'ErrorMessage': ['Unable to recognize the file type', ""E216:Unable to detect the file extension, or the file extension is incorrect, and no 'file type' provided in request. Please provide a file with a proper content type or extension, or provide a file type in the request to manually set the file extension.""], 'ProcessingTimeInMilliseconds': '265'}"
"195"|"8910401306926"|"louis-vuitton-fw21-2054-logo-1a9gnb"|"https://cdn.shopify.com/s/files/1/0729/7934/9806/files/main-square_540x_c6a0c3ee-508e-43f1-b8db-3bd4a516886a.jpg?v=1724048490"|"invalid"|"{'OCRExitCode': 99, 'IsErroredOnProcessing': True, 'ErrorMessage': ['Unable to recognize the file type', ""E216:Unable to detect the file extension, or the file extension is incorrect, and no 'file type' provided in request. Please provide a file with a proper content type or extension, or provide a file type in the request to manually set the file extension.""], 'ProcessingTimeInMilliseconds': '281'}"
"196"|"8910401306926"|"louis-vuitton-fw21-2054-logo-1a9gnb"|"https://cdn.shopify.com/s/files/1/0729/7934/9806/files/1_540x_12da7f2b-bab9-4319-882b-b293a1c0ed26.jpg?v=1724048490"|"invalid"|"{'OCRExitCode': 99, 'IsErroredOnProcessing': True, 'ErrorMessage': ['Unable to recognize the file type', ""E216:Unable to detect the file extension, or the file extension is incorrect, and no 'file type' provided in request. Please provide a file with a proper content type or extension, or provide a file type in the request to manually set the file extension.""], 'ProcessingTimeInMilliseconds': '468'}"
"197"|"8910401306926"|"louis-vuitton-fw21-2054-logo-1a9gnb"|"https://cdn.shopify.com/s/files/1/0729/7934/9806/files/2_540x_dd99a62e-3c75-41e6-b1d3-324992301ee1.jpg?v=1724048490"|"invalid"|"{'OCRExitCode': 99, 'IsErroredOnProcessing': True, 'ErrorMessage': ['Unable to recognize the file type', ""E216:Unable to detect the file extension, or the file extension is incorrect, and no 'file type' provided in request. Please provide a file with a proper content type or extension, or provide a file type in the request to manually set the file extension.""], 'ProcessingTimeInMilliseconds': '500'}"
"198"|"8910401306926"|"louis-vuitton-fw21-2054-logo-1a9gnb"|"https://cdn.shopify.com/s/files/1/0729/7934/9806/files/3_540x_695eea35-637f-4bd4-8edc-c1d78d2a5188.jpg?v=1724048491"|"invalid"|"{'OCRExitCode': 99, 'IsErroredOnProcessing': True, 'ErrorMessage': ['Unable to recognize the file type', ""E216:Unable to detect the file extension, or the file extension is incorrect, and no 'file type' provided in request. Please provide a file with a proper content type or extension, or provide a file type in the request to manually set the file extension.""], 'ProcessingTimeInMilliseconds': '453'}"
"199"|"8910403141934"|"louis-vuitton-t-men-s-white-1a8gus"|"https://cdn.shopify.com/s/files/1/0729/7934/9806/files/main-square_540x_12c97136-9730-4e86-9c6c-746d4ab752e0.jpg?v=1723060654"|"invalid"|"{'OCRExitCode': 99, 'IsErroredOnProcessing': True, 'ErrorMessage': ['Unable to recognize the file type', ""E216:Unable to detect the file extension, or the file extension is incorrect, and no 'file type' provided in request. Please provide a file with a proper content type or extension, or provide a file type in the request to manually set the file extension.""], 'ProcessingTimeInMilliseconds': '486'}"
"200"|"8910403141934"|"louis-vuitton-t-men-s-white-1a8gus"|"https://cdn.shopify.com/s/files/1/0729/7934/9806/files/1_540x_060086bc-af83-42f0-ab93-697d4afd3cd2.jpg?v=1723060654"|"invalid"|"{'OCRExitCode': 99, 'IsErroredOnProcessing': True, 'ErrorMessage': ['Unable to recognize the file type', ""E216:Unable to detect the file extension, or the file extension is incorrect, and no 'file type' provided in request. Please provide a file with a proper content type or extension, or provide a file type in the request to manually set the file extension.""], 'ProcessingTimeInMilliseconds': '437'}"
"201"|"8910403141934"|"louis-vuitton-t-men-s-white-1a8gus"|"https://cdn.shopify.com/s/files/1/0729/7934/9806/files/2_540x_2a9eedc7-d5d1-41bd-b406-debf84a6afd4.jpg?v=1723060654"|"invalid"|"{'OCRExitCode': 99, 'IsErroredOnProcessing': True, 'ErrorMessage': ['Unable to recognize the file type', ""E216:Unable to detect the file extension, or the file extension is incorrect, and no 'file type' provided in request. Please provide a file with a proper content type or extension, or provide a file type in the request to manually set the file extension.""], 'ProcessingTimeInMilliseconds': '500'}"
"202"|"8910403141934"|"louis-vuitton-t-men-s-white-1a8gus"|"https://cdn.shopify.com/s/files/1/0729/7934/9806/files/3_540x_fe128ef6-da2e-4143-a629-1fceed73d19d.jpg?v=1723060654"|"invalid"|"{'OCRExitCode': 99, 'IsErroredOnProcessing': True, 'ErrorMessage': ['Unable to recognize the file type', ""E216:Unable to detect the file extension, or the file extension is incorrect, and no 'file type' provided in request. Please provide a file with a proper content type or extension, or provide a file type in the request to manually set the file extension.""], 'ProcessingTimeInMilliseconds': '296'}"
"203"|"8910401143086"|"louis-vuitton-lv-fw21-1a9gly"|"https://cdn.shopify.com/s/files/1/0729/7934/9806/files/main-square_540x_3bd74dcb-88ee-47ad-b16a-fbf031aa8e86.jpg?v=1724052851"|"200"|"Lauis.
Vuittan
MADE"
"204"|"8910401143086"|"louis-vuitton-lv-fw21-1a9gly"|"https://cdn.shopify.com/s/files/1/0729/7934/9806/files/1_540x_8d37452e-8a98-482d-8f92-8ab71b7f3c37.jpg?v=1724052851"|"200"|"Lauis,
wittan
MADE"
"205"|"8910401143086"|"louis-vuitton-lv-fw21-1a9gly"|"https://cdn.shopify.com/s/files/1/0729/7934/9806/files/2_540x_7e3131b2-2197-4fed-941b-a764a0b281bc.jpg?v=1724052851"|"200"|"auis,
witon"
"206"|"8910401143086"|"louis-vuitton-lv-fw21-1a9gly"|"https://cdn.shopify.com/s/files/1/0729/7934/9806/files/3_540x_3aa33203-6988-4b5e-a3e8-4ba777946bf8.jpg?v=1724052851"|"200"|""
"207"|"8910405239086"|"louis-vuitton-fw21-maison-louis-vuitton-lv-logo-tee-1a99zs"|"https://cdn.shopify.com/s/files/1/0729/7934/9806/files/main-square_540x_f6e45bed-7bf1-4416-b76c-d7777cd088c1.jpg?v=1724047639"|"200"|"MANSON
JAARON"
"208"|"8910405239086"|"louis-vuitton-fw21-maison-louis-vuitton-lv-logo-tee-1a99zs"|"https://cdn.shopify.com/s/files/1/0729/7934/9806/files/1_540x_76a76df8-13da-48fc-8861-4c0384514eb8.jpg?v=1724047639"|"200"|"MANSON
LOUIS
VUITON"
"209"|"8910405239086"|"louis-vuitton-fw21-maison-louis-vuitton-lv-logo-tee-1a99zs"|"https://cdn.shopify.com/s/files/1/0729/7934/9806/files/2_540x_c06317f9-a8ae-4ec8-88b7-024b0d81c48d.jpg?v=1724047639"|"200"|""
"210"|"8910405861678"|"louis-vuitton-lv-ss21-2054-tee-1a8h35"|"https://cdn.shopify.com/s/files/1/0729/7934/9806/files/main-square_540x_54ee47ed-1cb9-4534-975b-47e8ac04fde5.jpg?v=1721268645"|"invalid"|"{'OCRExitCode': 99, 'IsErroredOnProcessing': True, 'ErrorMessage': ['Unable to recognize the file type', ""E216:Unable to detect the file extension, or the file extension is incorrect, and no 'file type' provided in request. Please provide a file with a proper content type or extension, or provide a file type in the request to manually set the file extension.""], 'ProcessingTimeInMilliseconds': '484'}"
"211"|"8910405861678"|"louis-vuitton-lv-ss21-2054-tee-1a8h35"|"https://cdn.shopify.com/s/files/1/0729/7934/9806/files/1_540x_3bf3fe42-6764-41ad-a865-152b8a09eb6a.jpg?v=1721268645"|"invalid"|"{'OCRExitCode': 99, 'IsErroredOnProcessing': True, 'ErrorMessage': ['Unable to recognize the file type', ""E216:Unable to detect the file extension, or the file extension is incorrect, and no 'file type' provided in request. Please provide a file with a proper content type or extension, or provide a file type in the request to manually set the file extension.""], 'ProcessingTimeInMilliseconds': '500'}"
"212"|"8910405861678"|"louis-vuitton-lv-ss21-2054-tee-1a8h35"|"https://cdn.shopify.com/s/files/1/0729/7934/9806/files/2_540x_595f0b92-a939-4998-a6e7-03ded8e6f7f6.jpg?v=1721268645"|"invalid"|"{'OCRExitCode': 99, 'IsErroredOnProcessing': True, 'ErrorMessage': ['Unable to recognize the file type', ""E216:Unable to detect the file extension, or the file extension is incorrect, and no 'file type' provided in request. Please provide a file with a proper content type or extension, or provide a file type in the request to manually set the file extension.""], 'ProcessingTimeInMilliseconds': '250'}"
"213"|"8910405861678"|"louis-vuitton-lv-ss21-2054-tee-1a8h35"|"https://cdn.shopify.com/s/files/1/0729/7934/9806/files/3_540x_63bb7fba-18a3-49f3-a436-1da04ebe8900.jpg?v=1721268645"|"invalid"|"{'OCRExitCode': 99, 'IsErroredOnProcessing': True, 'ErrorMessage': ['Unable to recognize the file type', ""E216:Unable to detect the file extension, or the file extension is incorrect, and no 'file type' provided in request. Please provide a file with a proper content type or extension, or provide a file type in the request to manually set the file extension.""], 'ProcessingTimeInMilliseconds': '250'}"
"214"|"8910401929518"|"louis-vuitton-lv-1a8a7c"|"https://cdn.shopify.com/s/files/1/0729/7934/9806/files/main-square_540x_1945a545-787d-48f5-9246-eb7a4832ceec.jpg?v=1724052443"|"200"|""
"215"|"8910401929518"|"louis-vuitton-lv-1a8a7c"|"https://cdn.shopify.com/s/files/1/0729/7934/9806/files/1_540x_f5469c1d-1134-4edc-a0fc-25dab58d8583.jpg?v=1724052443"|"200"|""
"216"|"8910401929518"|"louis-vuitton-lv-1a8a7c"|"https://cdn.shopify.com/s/files/1/0729/7934/9806/files/2_540x_dfcb48f3-1f85-4efd-aaf9-1d804fafe37f.jpg?v=1724052443"|"200"|""
"217"|"8910401929518"|"louis-vuitton-lv-1a8a7c"|"https://cdn.shopify.com/s/files/1/0729/7934/9806/files/3_540x_7c285c08-c36a-4ff6-91bf-7d4186ffa469.jpg?v=1724052443"|"200"|""
"218"|"8910406353198"|"louis-vuitton-inside-out-retro-t-shirt-for-men-white-1a5cq"|"https://cdn.shopify.com/s/files/1/0729/7934/9806/files/main-square_540x_e48176f2-b0d0-4552-9ef9-60f1e3c3971c.jpg?v=1721271972"|"200"|""
"219"|"8910406353198"|"louis-vuitton-inside-out-retro-t-shirt-for-men-white-1a5cq"|"https://cdn.shopify.com/s/files/1/0729/7934/9806/files/1_540x_40cd0eb1-7916-40ad-b150-cb3cc50df478.jpg?v=1721271972"|"200"|""
"220"|"8910406353198"|"louis-vuitton-inside-out-retro-t-shirt-for-men-white-1a5cq"|"https://cdn.shopify.com/s/files/1/0729/7934/9806/files/2_540x_3fcd01a3-4f70-46f7-8636-e436c991cb6c.jpg?v=1721271972"|"200"|""
"221"|"8910406353198"|"louis-vuitton-inside-out-retro-t-shirt-for-men-white-1a5cq"|"https://cdn.shopify.com/s/files/1/0729/7934/9806/files/3_540x_b2244526-c7a5-45f9-8ba5-bb6fa91fb623.jpg?v=1721271972"|"200"|""
"222"|"8910400848174"|"louis-vuitton-ss22-men-s-blue-1a9sws"|"https://cdn.shopify.com/s/files/1/0729/7934/9806/files/main-square_540x_108d8c4e-4698-4860-9b50-d63622e4db6e.jpg?v=1724048566"|"invalid"|"{'OCRExitCode': 99, 'IsErroredOnProcessing': True, 'ErrorMessage': ['Unable to recognize the file type', ""E216:Unable to detect the file extension, or the file extension is incorrect, and no 'file type' provided in request. Please provide a file with a proper content type or extension, or provide a file type in the request to manually set the file extension.""], 'ProcessingTimeInMilliseconds': '453'}"
"223"|"8910400848174"|"louis-vuitton-ss22-men-s-blue-1a9sws"|"https://cdn.shopify.com/s/files/1/0729/7934/9806/files/1_540x_03d6dace-b09b-4420-a7b0-ae31ae1a95cd.jpg?v=1724048566"|"invalid"|"{'OCRExitCode': 99, 'IsErroredOnProcessing': True, 'ErrorMessage': ['Unable to recognize the file type', ""E216:Unable to detect the file extension, or the file extension is incorrect, and no 'file type' provided in request. Please provide a file with a proper content type or extension, or provide a file type in the request to manually set the file extension.""], 'ProcessingTimeInMilliseconds': '515'}"
"224"|"8910400848174"|"louis-vuitton-ss22-men-s-blue-1a9sws"|"https://cdn.shopify.com/s/files/1/0729/7934/9806/files/2_540x_08a1dce5-e82c-4ac1-ad26-8021f750725f.jpg?v=1724048566"|"invalid"|"{'OCRExitCode': 99, 'IsErroredOnProcessing': True, 'ErrorMessage': ['Unable to recognize the file type', ""E216:Unable to detect the file extension, or the file extension is incorrect, and no 'file type' provided in request. Please provide a file with a proper content type or extension, or provide a file type in the request to manually set the file extension.""], 'ProcessingTimeInMilliseconds': '500'}"
"225"|"8910400848174"|"louis-vuitton-ss22-men-s-blue-1a9sws"|"https://cdn.shopify.com/s/files/1/0729/7934/9806/files/3_540x_4eedec0d-2a72-45d9-811c-4f0f4a7ab81e.jpg?v=1724048566"|"invalid"|"{'OCRExitCode': 99, 'IsErroredOnProcessing': True, 'ErrorMessage': ['Unable to recognize the file type', ""E216:Unable to detect the file extension, or the file extension is incorrect, and no 'file type' provided in request. Please provide a file with a proper content type or extension, or provide a file type in the request to manually set the file extension.""], 'ProcessingTimeInMilliseconds': '500'}"
"226"|"8910403666222"|"louis-vuitton-lv-ss21-tee-1a8h32"|"https://cdn.shopify.com/s/files/1/0729/7934/9806/files/main-square_540x_c9174d1a-1c01-4cf6-b198-d995f1a93bf9.jpg?v=1724255256"|"200"|"LOUS LUTTOM 28S4"
"227"|"8910403502382"|"louis-vuitton-lv-ss21-2054t-1a8hm6"|"https://cdn.shopify.com/s/files/1/0729/7934/9806/files/main-square_540x_8d729a92-8a1e-4d4b-a723-4cfc93b53bdb.jpg?v=1721268755"|"invalid"|"{'OCRExitCode': 99, 'IsErroredOnProcessing': True, 'ErrorMessage': ['Unable to recognize the file type', ""E216:Unable to detect the file extension, or the file extension is incorrect, and no 'file type' provided in request. Please provide a file with a proper content type or extension, or provide a file type in the request to manually set the file extension.""], 'ProcessingTimeInMilliseconds': '296'}"
"228"|"8910403502382"|"louis-vuitton-lv-ss21-2054t-1a8hm6"|"https://cdn.shopify.com/s/files/1/0729/7934/9806/files/1_540x_4d98b6f1-1300-4641-bce5-8d071cdc5f73.jpg?v=1721268755"|"invalid"|"{'OCRExitCode': 99, 'IsErroredOnProcessing': True, 'ErrorMessage': ['Unable to recognize the file type', ""E216:Unable to detect the file extension, or the file extension is incorrect, and no 'file type' provided in request. Please provide a file with a proper content type or extension, or provide a file type in the request to manually set the file extension.""], 'ProcessingTimeInMilliseconds': '453'}"
"229"|"8910403502382"|"louis-vuitton-lv-ss21-2054t-1a8hm6"|"https://cdn.shopify.com/s/files/1/0729/7934/9806/files/2_540x_f2ab2219-a69b-40d1-9fb2-7fb6706fafaf.jpg?v=1721268755"|"invalid"|"{'OCRExitCode': 99, 'IsErroredOnProcessing': True, 'ErrorMessage': ['Unable to recognize the file type', ""E216:Unable to detect the file extension, or the file extension is incorrect, and no 'file type' provided in request. Please provide a file with a proper content type or extension, or provide a file type in the request to manually set the file extension.""], 'ProcessingTimeInMilliseconds': '281'}"
"230"|"8910403502382"|"louis-vuitton-lv-ss21-2054t-1a8hm6"|"https://cdn.shopify.com/s/files/1/0729/7934/9806/files/3_540x_d0b3f14c-dd8f-4c46-a171-918cc4eacb81.jpg?v=1721268755"|"invalid"|"{'OCRExitCode': 99, 'IsErroredOnProcessing': True, 'ErrorMessage': ['Unable to recognize the file type', ""E216:Unable to detect the file extension, or the file extension is incorrect, and no 'file type' provided in request. Please provide a file with a proper content type or extension, or provide a file type in the request to manually set the file extension.""], 'ProcessingTimeInMilliseconds': '515'}"
"231"|"8910406680878"|"louis-vuitton-lv-inside-out-t-1a7qgh"|"https://cdn.shopify.com/s/files/1/0729/7934/9806/files/main-square_540x_bb200843-a588-4bd9-96e3-2fb317b6254b.jpg?v=1724255265"|"200"|"-"
"232"|"8910406680878"|"louis-vuitton-lv-inside-out-t-1a7qgh"|"https://cdn.shopify.com/s/files/1/0729/7934/9806/files/1_540x_7893b47c-9e2c-46ae-8a70-14e938d68a1c.jpg?v=1724255265"|"200"|""
"233"|"8910406680878"|"louis-vuitton-lv-inside-out-t-1a7qgh"|"https://cdn.shopify.com/s/files/1/0729/7934/9806/files/2_540x_962e172a-d6cf-4403-a439-502266d8a6e6.jpg?v=1724255265"|"200"|""
"234"|"8910406680878"|"louis-vuitton-lv-inside-out-t-1a7qgh"|"https://cdn.shopify.com/s/files/1/0729/7934/9806/files/3_540x_783e28b5-99e3-46bd-ac7c-3d615b630861.jpg?v=1724255265"|"403"|"You may only perform this action upto maximum 180 number of times within 3600 seconds"
"235"|"8910406943022"|"louis-vuitton-x-nigo-lv2-giant-damier-1a7xb"|"https://cdn.shopify.com/s/files/1/0729/7934/9806/files/main-square_540x_1f166604-f376-45d1-ae2c-fa9e6417e7b7.jpg?v=1724049239"|"403"|"You may only perform this action upto maximum 180 number of times within 3600 seconds"
"236"|"8910406943022"|"louis-vuitton-x-nigo-lv2-giant-damier-1a7xb"|"https://cdn.shopify.com/s/files/1/0729/7934/9806/files/1_540x_970bf353-de67-4109-ab0b-322aafefc425.jpg?v=1724049239"|"403"|"You may only perform this action upto maximum 180 number of times within 3600 seconds"
"237"|"8910406943022"|"louis-vuitton-x-nigo-lv2-giant-damier-1a7xb"|"https://cdn.shopify.com/s/files/1/0729/7934/9806/files/2_540x_45e5b01e-1f34-4f40-aa3d-f3f46850cd61.jpg?v=1724049239"|"403"|"You may only perform this action upto maximum 180 number of times within 3600 seconds"
"238"|"8910407663918"|"louis-vuitton-lv-fw21-1a8x1w"|"https://cdn.shopify.com/s/files/1/0729/7934/9806/files/main-square_540x_dfb20812-1037-4d96-a686-c47564b6ca55.jpg?v=1721269166"|"403"|"You may only perform this action upto maximum 180 number of times within 3600 seconds"
"239"|"8910407663918"|"louis-vuitton-lv-fw21-1a8x1w"|"https://cdn.shopify.com/s/files/1/0729/7934/9806/files/1_540x_d67c13c8-01e3-4c1d-8da3-9206a27ce78e.jpg?v=1721269166"|"403"|"You may only perform this action upto maximum 180 number of times within 3600 seconds"
"240"|"8910407663918"|"louis-vuitton-lv-fw21-1a8x1w"|"https://cdn.shopify.com/s/files/1/0729/7934/9806/files/2_540x_5e93efcc-6a74-4c69-9748-e509b53146df.jpg?v=1721269166"|"403"|"You may only perform this action upto maximum 180 number of times within 3600 seconds"
"241"|"8910407663918"|"louis-vuitton-lv-fw21-1a8x1w"|"https://cdn.shopify.com/s/files/1/0729/7934/9806/files/3_540x_a9198111-20ea-44c0-8bca-e3d4750239d2.jpg?v=1721269166"|"403"|"You may only perform this action upto maximum 180 number of times within 3600 seconds"
"242"|"8910409433390"|"louis-vuitton-ss21-monogram-tee-1a8wmr"|"https://cdn.shopify.com/s/files/1/0729/7934/9806/files/main-square_540x_76a3c270-9321-4b5f-a3ed-b917a5f8cfce.jpg?v=1724255313"|"403"|"You may only perform this action upto maximum 180 number of times within 3600 seconds"
"243"|"8910409433390"|"louis-vuitton-ss21-monogram-tee-1a8wmr"|"https://cdn.shopify.com/s/files/1/0729/7934/9806/files/1_540x_2648579c-c061-451b-9e54-263309653415.jpg?v=1724255313"|"403"|"You may only perform this action upto maximum 180 number of times within 3600 seconds"
"244"|"8910409433390"|"louis-vuitton-ss21-monogram-tee-1a8wmr"|"https://cdn.shopify.com/s/files/1/0729/7934/9806/files/2_540x_ede297d7-c0c8-4e48-aa32-a7d70c30b66d.jpg?v=1724255313"|"403"|"You may only perform this action upto maximum 180 number of times within 3600 seconds"
"245"|"8910409433390"|"louis-vuitton-ss21-monogram-tee-1a8wmr"|"https://cdn.shopify.com/s/files/1/0729/7934/9806/files/3_540x_b56f71d2-c50d-4fad-9c16-6fcb8daf7006.jpg?v=1724255313"|"403"|"You may only perform this action upto maximum 180 number of times within 3600 seconds"
"246"|"8910408024366"|"louis-vuitton-lv-1a8h4a"|"https://cdn.shopify.com/s/files/1/0729/7934/9806/files/main-square_540x_85831a66-cb25-4681-85ae-c38d873eedd7.jpg?v=1724052361"|"403"|"You may only perform this action upto maximum 180 number of times within 3600 seconds"
"247"|"8910408024366"|"louis-vuitton-lv-1a8h4a"|"https://cdn.shopify.com/s/files/1/0729/7934/9806/files/1_540x_d21aeda3-30e4-4789-8318-fae0c94697be.jpg?v=1724052361"|"403"|"You may only perform this action upto maximum 180 number of times within 3600 seconds"
"248"|"8910405665070"|"louis-vuitton-lv-tee-1a1sau"|"https://cdn.shopify.com/s/files/1/0729/7934/9806/files/main-square_540x_46c5799e-8938-444d-bbdf-66175fad7a20.jpg?v=1724048819"|""|""
"249"|"8910408843566"|"louis-vuitton-lv-scale-1a7sg"|"https://cdn.shopify.com/s/files/1/0729/7934/9806/files/main-square_540x_2210b21a-7185-4fba-b20d-8e90e4e6e333.jpg?v=1721138199"|"403"|"You may only perform this action upto maximum 180 number of times within 3600 seconds"
"250"|"8910408843566"|"louis-vuitton-lv-scale-1a7sg"|"https://cdn.shopify.com/s/files/1/0729/7934/9806/files/1_540x_2fe4f457-fdbd-4a03-a8ef-59a2a9fe6f3c.jpg?v=1721138199"|"403"|"You may only perform this action upto maximum 180 number of times within 3600 seconds"
"251"|"8910408843566"|"louis-vuitton-lv-scale-1a7sg"|"https://cdn.shopify.com/s/files/1/0729/7934/9806/files/2_540x_e741df54-c774-4ccf-9869-f6139ca7120b.jpg?v=1721138199"|"403"|"You may only perform this action upto maximum 180 number of times within 3600 seconds"
"252"|"8910408843566"|"louis-vuitton-lv-scale-1a7sg"|"https://cdn.shopify.com/s/files/1/0729/7934/9806/files/3_540x_2d9d5191-6031-4850-a268-9fc8c5c07163.jpg?v=1721138199"|"403"|"You may only perform this action upto maximum 180 number of times within 3600 seconds"
"253"|"8910408843566"|"louis-vuitton-lv-scale-1a7sg"|"https://cdn.shopify.com/s/files/1/0729/7934/9806/files/4_540x_b9c82c45-41ea-4a92-a409-af629fbd0d85.jpg?v=1721138199"|"403"|"You may only perform this action upto maximum 180 number of times within 3600 seconds"
"254"|"8910404780334"|"louis-vuitton-lv-inside-out-t-1a7qgp"|"https://cdn.shopify.com/s/files/1/0729/7934/9806/files/main-square_540x_689c81e0-8cac-4bd2-8419-7c596bf81af7.jpg?v=1724052972"|"403"|"You may only perform this action upto maximum 180 number of times within 3600 seconds"
"255"|"8910404780334"|"louis-vuitton-lv-inside-out-t-1a7qgp"|"https://cdn.shopify.com/s/files/1/0729/7934/9806/files/1_540x_1e666391-6be4-48c7-87eb-de3715ab2efb.jpg?v=1724052972"|"403"|"You may only perform this action upto maximum 180 number of times within 3600 seconds"
"256"|"8910404780334"|"louis-vuitton-lv-inside-out-t-1a7qgp"|"https://cdn.shopify.com/s/files/1/0729/7934/9806/files/2_540x_c628831d-e203-4d9f-8e98-d4762d15b19f.jpg?v=1724052972"|"403"|"You may only perform this action upto maximum 180 number of times within 3600 seconds"
"257"|"8910404780334"|"louis-vuitton-lv-inside-out-t-1a7qgp"|"https://cdn.shopify.com/s/files/1/0729/7934/9806/files/3_540x_b53d5996-906c-4f3e-99ba-86380749a883.jpg?v=1724052973"|"403"|"You may only perform this action upto maximum 180 number of times within 3600 seconds"
"258"|"8910404780334"|"louis-vuitton-lv-inside-out-t-1a7qgp"|"https://cdn.shopify.com/s/files/1/0729/7934/9806/files/4_540x_658b4219-c1a4-4747-9ef8-b8e84741d6c4.jpg?v=1724052973"|"403"|"You may only perform this action upto maximum 180 number of times within 3600 seconds"
"259"|"8910400979246"|"louis-vuitton-lv-fw21-1a7xcg"|"https://cdn.shopify.com/s/files/1/0729/7934/9806/files/main-square_540x_53c9cc34-b3f2-4f01-82ac-5398858e6936.jpg?v=1724254893"|"403"|"You may only perform this action upto maximum 180 number of times within 3600 seconds"
"260"|"8910400979246"|"louis-vuitton-lv-fw21-1a7xcg"|"https://cdn.shopify.com/s/files/1/0729/7934/9806/files/1_540x_0accbeae-f0d2-4f4c-85db-bd0fd9256dba.jpg?v=1724254893"|"403"|"You may only perform this action upto maximum 180 number of times within 3600 seconds"
"261"|"8910400979246"|"louis-vuitton-lv-fw21-1a7xcg"|"https://cdn.shopify.com/s/files/1/0729/7934/9806/files/2_540x_14654c46-d44e-4cdf-9910-954113d74308.jpg?v=1724254893"|"403"|"You may only perform this action upto maximum 180 number of times within 3600 seconds"
"262"|"8910400979246"|"louis-vuitton-lv-fw21-1a7xcg"|"https://cdn.shopify.com/s/files/1/0729/7934/9806/files/3_540x_6080acf7-3f24-4b75-aa6e-c76c06fc2a7b.jpg?v=1724254893"|"403"|"You may only perform this action upto maximum 180 number of times within 3600 seconds"
